text,law_title,pk
"제3조(인사위원회의설치)①교육공무원(공립대학에근무하는교육공무원및교육감소속교육전문직원은제외한
다.이하이조및제4조에서같다)의인사에관한중요사항에관하여교육부장관이자문할수있도록교육부
에교육공무원인사위원회(이하“인사위원회”라한다)를둔다.<개정2012.12.11.,2013.3.23.>
②인사위원회는위원장1명을포함한7명의위원으로구성한다.
③위원장은교육부차관이되고,위원은7년이상의교육경력또는교육행정경력이있고인사행정에관한식견
이풍부한사람중에서교육부장관의제청으로대통령이위촉한다.<개정2013.3.23.>
④인사위원회의운영에필요한사항은대통령령으로정한다.
[전문개정2011.9.30.]",교육공무원법,03200e7f-9fee-4ce3-a9d2-d8d9b778a641
"
제16조의2(연가사용의권장)①행정기관의장은소속공무원의연가사용을촉진하기위하여매년3월31일까
지소속공무원이그해에최소한으로사용해야할10일이상의권장연가일수와미사용권장연가일수에대
한연가보상비지급여부등을정하여공지해야하며,연가사용촉진에특히필요하다고인정하면권장연가
일수중미사용연가일수에대해서는제16조제5항에따른연가보상비를지급하지않을수있다.<개정2018.7.
2.,2018.12.18.,2019.12.31.>
②행정기관의장은연가사용촉진이특히필요하다고인정하는경우에는권장연가일수(연가보상비를지급
하지않는경우로한정한다)를제외한연가일수의전부또는일부에대하여다음각호의조치를할수있다.
<신설2018.7.2.,2019.12.31.>
1.매년6월1일부터7월31일까지의기간중에행정기관의장이소속공무원별로사용해야할연가일수를알
려주고,소속공무원이그사용시기를정하여10일이내에행정기관의장에게통보하도록촉구
2.소속공무원이제1호에따른촉구에도불구하고행정기관의장에게연가의사용시기를통보하지않으면행
정기관의장은그해10월31일까지제1호에따라알려준연가중사용하지않은연가의사용시기를정하여
소속공무원에게통보
③행정기관의장은제2항각호에따른조치를하였음에도불구하고소속공무원이해당연가를사용하지아
니한경우에는그에해당하는연가보상비를지급하지아니할수있다.<신설2018.7.2.>
④제12조제1호또는제2호에따른기관의장은제2항에도불구하고해당기관에소속된공무원으로서근무시
간과근무일이따로정해진공무원의권장연가일수(연가보상비를지급하지않는경우로한정한다)를제외한
연가일수의전부또는일부에대하여제2항에따른조치와다른조치를할수있으며,필요하다고인정하는
경우그권한을하급행정기관의장에게위임할수있다.<신설2018.12.18.>
[본조신설2015.10.6.]",국가공무원 복무규정,04d67f1e-7348-4ded-9bca-6802bb6cf181
"
제55조(공립대학의장등의임용)①공립대학의장은대통령령으로정하는바에따라해당공립대학의추천을
받아지방교육공무원인사위원회에자문하여지방자치단체의장이임용한다.다만,새로설립되는공립대학의
장을임용하거나공립대학의장의명칭변경으로인하여학장으로재직중인사람을해당공립대학의총장으
로,총장으로재직중인사람을해당공립대학의학장으로그임기중에임용하는경우에는지방교육공무원인
사위원회에자문하여지방자치단체의장이임용한다.
②교수ㆍ부교수ㆍ조교수는공립대학의장의제청으로지방자치단체의장이임용하고,조교는공립대학의장이
임용한다.<개정2011.7.21.>
③제2항에따라교수ㆍ부교수및조교수를임용제청하려는경우에는해당대학인사위원회의 동의를받아야하
며,대학인사위원회를 구성할수없는신설공립대학은대학인사위원회가 구성될때까지지방교육공무원인사
위원회의동의를받아야한다.<개정2011.7.21.>
④부총장은교수중에서,대학원장과단과대학장은교수또는부교수중에서대학인사위원회의 동의를받아
공립대학의장이임명한다.
⑤지방자치단체의장은제2항에규정된권한의일부를조례로정하는바에따라공립대학의장에게위임할수
있다.
⑥공립대학의장의임용에관하여는제24조제7항을준용한다.이경우“대학”은“공립대학”으로,“제25조”는
“제55조제2항및제3항”으로본다.
[전문개정2011.9.30.]",교육공무원법,052927e2-d054-47d9-9817-27df29bba8d1
"제27조(부총장ㆍ대학원장ㆍ단과대학장의보직)①부총장은교수중에서,대학원장 ㆍ단과대학장은교수또는부교
수중에서대학의장의제청으로교육부장관이임명한다.<개정2013.3.23.>
②대학의장이교육공무원을제1항에따라임명할것을제청할때에는해당대학인사위원회의 동의를받아야
한다.
[전문개정2011.9.30.]",교육공무원법,065859d1-ea22-4050-a0da-b3fea6b430e8
[전문개정2011.9.30.],교육공무원법,068ff3bf-fbfd-4138-b700-3758edc8f5c7
"
제11조의5(양성평등을위한임용계획의수립등)①국가와지방자치단체는대학의교원임용에서양성평등을위
하여필요한정책을수립ㆍ시행하여야한다.
②교육부장관과지방자치단체의장은제1항에따른정책을수립하기위하여대학의교원임용에서양성평등
관련실태조사를실시할수있으며,실태조사의방법과내용등에필요한사항은대통령령으로정한다.<신설
2018.12.18.>
③국가는국가가설립ㆍ경영하는전체대학(「고등교육법」제2조제1호부터제3호까지및제5호의학교를말
한다.이하제4항및제5항에서같다)교원중특정성별이4분의3을초과하지아니하도록노력하여야한다.
이경우교원의성별구성에관한연도별목표비율은대통령령으로정한다.<신설2020.1.29.>
④지방자치단체는해당지방자치단체가설립ㆍ경영하는전체대학교원중특정성별이4분의3을초과하지
아니하도록노력하여야한다.이경우교원의성별구성에관한연도별목표비율은해당지방자치단체의조례
로정한다.<신설2020.1.29.>
⑤대학의장은대학의교원을임용할때특정성별에편중되지아니하도록3년마다계열별임용목표비율이
제시된임용계획등적극적조치를시행하기위하여필요한계획을교육부장관(지방자치단체가설립ㆍ경영하는
대학의경우에는해당지방자치단체의장을말한다.이하이항에서같다)과협의하여수립한후시행하여야한
다.이경우그추진실적을매년교육부장관에게제출하여야한다.<개정2013.3.23.,2018.12.18.,2020.1.29.>
⑥국가와지방자치단체는제5항에따른계획및그추진실적을매년평가하여공표하여야하며,평가결과를
반영하여행정적ㆍ재정적지원을할수있다.<개정2018.12.18.,2020.1.29.>
⑦교육부장관과지방자치단체의장은제1항에따른정책수립과제2항에따른실태조사및제6항에따른평가
를위하여관계중앙행정기관의장및대학의장등관련기관ㆍ단체의장에게필요한자료요청을할수있으
며,요청받은관련기관ㆍ단체의장은특별한사유가없으면이에협조하여야한다.<신설2018.12.18.,2020.1.
29.>
⑧제5항에따른계열별구분과계획의수립및제6항에따른평가의방법ㆍ절차등필요한사항은대통령령으
로정한다.<개정2018.12.18.,2020.1.29.>
[전문개정2011.9.30.]
[제11조의4에서이동<2016.1.27.>]",교육공무원법,09d0d06f-a797-405e-ad41-ffde4cb3e365
"제34조(보수결정의원칙)①교육공무원의보수는우대되어야한다.
②교육공무원의보수는자격,경력,직무의곤란성및책임의정도에따라대통령령으로정한다.
[전문개정2011.9.30.]",교육공무원법,0a4e38a6-433f-4ce4-94c3-dc731b0c04bd
"제16조(신체검사)교육공무원을신규채용할때에는신체검사를하여야하며,임용권자나임용제청권자는신체검사
합격기준에미달하는사람을임용하거나임용제청하여서는 아니된다.이경우신체검사에필요한사항은대통
령령으로정한다.
[전문개정2011.9.30.]",교육공무원법,0c514e5f-14b0-43fb-bbf4-8489a2712722
"제22조(휴가기간중의토요일또는공휴일)휴가기간중의토요일또는공휴일은그휴가일수에산입하지않는
다.다만,다음각호의어느하나에해당하는경우에는그휴가일수에토요일또는공휴일을산입한다.<개정
2015.10.6.,2021.12.31.>
1.같은연도내제18조제1항에따른병가일수를합한기간이30일이상인경우
2.같은연도내제18조제2항에따른병가일수를합한기간이30일이상인경우
3.동일한사유로인한공가일수를합한기간이30일이상인경우
4.동일한사유로인한특별휴가일수를합한기간이30일이상인경우
[전문개정2011.7.4.]",국가공무원 복무규정,0ca437f2-4171-4046-ba67-7ce8f9e9a7d5
"제8조(해직된공무원의근무)소속기관의장은사무인계또는남은업무처리를위하여필요한경우에해직된
공무원을15일을한도로계속근무하게할수있다.
[전문개정2011.7.4.]",국가공무원 복무규정,0cd5175d-1bbc-4a8c-86b4-dce2f688155e
"
제61조(「지방공무원법 」과의관계)①「지방공무원법」제20조의2를교육감소속교육전문직원에게 적용할때
“심사위원회”는“교원소청심사위원회 ”로본다.
②「지방공무원법」제41조제1항을교육감소속교육전문직원에게 적용할때같은항본문중“제63조제1항제
1호ㆍ제2호ㆍ제4호ㆍ제5호,제63조제2항또는제65조의2”는“「교육공무원법」제44조제1항제1호ㆍ제2호ㆍ제4호
부터제7호까지ㆍ제7호의3ㆍ제8호부터제11호까지또는같은조제2항및제3항”으로보고,같은항단서중
“제63조제2항제4호”는“「교육공무원법」제44조제1항제7호”로본다.<개정2019.8.20.>
③「지방공무원법」제7조부터제9조까지,제9조의2,제10조,제10조의2,제10조의3,제11조,제22조,제22조의2,",교육공무원법,0e9c88ab-1c7d-498b-a9fd-f6a35cedcf4e
"제32조의2(장학금지급및의무복무)①교육감은교원을안정적으로확보하기위하여시ㆍ도의조례로정하는
기준을충족한사람을교육대학의장에게교육대학입학또는편입학대상자로추천할수있다.
②교육감은제1항에따른추천을받아교육대학에입학하거나편입학한사람에게장학금을지급할수있다.
③교육감은제2항에따라장학금을받는사람에대하여교육대학을졸업한후4년의범위에서해당관할지역
에서실시되는교사공개전형에응시하여합격한경우에는장학금을받은기간의2배의범위에서시ㆍ도의조
례로정하는기간동안교육감이정하는지역에서복무하도록의무를부과할수있다.
④교육감은제2항에따라장학금을받고있거나받은사람이다음각호의어느하나에해당하는경우에는시
ㆍ도의조례로정하는바에따라본인에게장학금의전부또는일부를반납할것을명할수있고,본인이반납
하지아니할경우그의보증인(「보험업법」에따라보증보험증권을발행한보험회사를포함한다)에게보증채
무의이행을청구할수있으며반납하지아니하면지방세체납처분의예에따라징수할수있다.다만,의무복
무기간중공무상질병으로퇴직한경우등시ㆍ도의조례로정하는불가피한사유가있는경우에는그러하지
아니하다.<개정2022.10.18.>
1.퇴학또는자퇴하거나다른학교로편입학한경우
2.공무원임용결격사유에해당하게된경우
3.재학중장학금수령을거부한경우
4.제3항에따른기간동안공개전형에응시하지아니하거나의무복무를이행하지아니한경우
[전문개정2011.9.30.]",교육공무원법,132dd2af-9261-4d9d-a47e-95b8a0675ea7
"
제44조(휴직)①교육공무원이다음각호의어느하나에해당하는사유로휴직을원하면임용권자는휴직을명
할수있다.다만,제1호부터제4호까지및제11호의경우에는본인의의사와관계없이휴직을명하여야하고,
제7호,제7호의2및제7호의3의경우에는본인이원하면휴직을명하여야한다.<개정2012.1.26.,2013.3.23.,
2016.1.27.,2018.3.20.,2018.12.18.,2019.8.20.,2022.10.18.>
1.신체상ㆍ정신상의장애로장기요양이필요할때
2.「병역법」에따른병역복무를위하여징집되거나소집된경우
3.천재지변이나전시ㆍ사변또는그밖의사유로생사(生死)나소재(所在)를알수없게된경우
4.그밖에법률에따른의무를수행하기위하여직무를이탈하게된경우
5.학위취득을목적으로해외유학을하거나외국에서1년이상연구또는연수를하게된경우
6.국제기구,외국기관,국내외의대학ㆍ연구기관,다른국가기관,재외교육기관(「재외국민의교육지원등에관
한법률」제2조제2호의재외교육기관을말한다)또는대통령령으로정하는민간단체에임시로고용되는경
우
7.만8세이하또는초등학교2학년이하의자녀를양육하기위하여필요하거나여성교육공무원이임신또는
출산하게된경우
7의2.만19세미만의아동(제7호에따른육아휴직의대상이되는아동은제외한다)을입양(入養)하는경우
7의3.불임ㆍ난임으로인하여장기간의치료가필요한경우
8.교육부장관또는교육감이지정하는연구기관이나교육기관등에서연수하게된경우
9.조부모,부모(배우자의부모를포함한다),배우자,자녀또는손자녀를부양하거나돌보기위하여필요한경
우.다만,조부모나손자녀의돌봄을위하여휴직할수있는경우는본인외에돌볼사람이없는등대통령령
으로정하는요건을갖춘경우로한정한다.
10.배우자가국외근무를하게되거나제5호에해당하게된경우
11.「교원의노동조합설립및운영등에관한법률」제5조에따라노동조합전임자로종사하게된경우
12.「공무원연금법」제25조에따른재직기간10년이상인교원이자기개발을위하여학습ㆍ연구등을하게
된경우
②삭제<2013.12.30.>
③대학에재직중인교육공무원이교육공무원외의공무원으로임용되어휴직을원하면임용권자는휴직을명
할수있다.이경우휴직기간은그공무원으로재임하는기간으로한다.
④임면권자(任免權者)는제1항제7호및제7호의2에따른휴직을이유로인사상불리한처우를하여서는아니
되며,같은호의휴직기간은근속기간에포함한다.<개정2012.1.26.>
⑤제1항의휴직제도운영에필요한사항은대통령령으로정한다.
[전문개정2011.9.30.]",교육공무원법,18ab1b15-3a83-452f-9d3d-e2fded00549f
"
제21조(전직등의제한)①교육공무원의임용권자또는임용제청권자는다음각호의경우를제외하고는소속
교육공무원이그직위에임용된날부터1년이내에다른직위에임용하거나근무지를변경하는인사조치를하
여서는아니된다.
1.기구의개편이나직제의개정ㆍ폐지또는정원의변경이있는경우
2.해당교육공무원의승진또는강임으로인한경우
3.그밖에대통령령으로정하는특별한사유가있는경우
②제1항에도불구하고교육공무원의임용권자또는임용제청권자는제29조의3에따라임용된공모교장ㆍ원장
에대하여는징계처분을받은경우등교장ㆍ원장으로서직무를수행하기어려운대통령령으로정하는중대한
사유에해당하는경우를제외하고는임기중다른직위에임용하거나근무지를변경하는인사조치를하여서는
아니된다.<개정2012.3.21.>
[전문개정2011.9.30.]",교육공무원법,1b37f434-d31c-4fb6-8416-c610c52927a1
"제1조(시행일)이법은공포후6개월이경과한날부터시행한다.<단서생략>
제2조부터제4조까지생략
제5조(다른법률의개정)교육공무원법일부를다음과같이개정한다.
제53조제2항중“같은항단서”를“같은조제2항제1호중”제71조제1항제1호“는”「교육공무원법」제44조제1
항제1호“로보며,같은항제2호”로한다.",교육공무원법,1d77e4d0-7162-4ed3-9b87-6e6054f765d5
"제11조(교사의신규채용등)①교사의신규채용은공개전형으로한다.이경우임용권자는별표2에해당하는사
람에게제1차시험성적만점의100분의10이내의범위에서가산점을줄수있다.
②임용권자는원활한결원보충및학교운영을위하여필요한경우근무예정지역또는근무예정학교를
미리정하여공개전형으로채용시험을실시할수있다.이경우임용권자는그시험에따라채용된교사에대
하여10년이내의범위에서대통령령으로정하는기간동안다른지역또는다른학교로의전보를제한할수
있다.
③제1항및제2항에따라공개전형을실시하는경우국립학교의장은그전형을해당학교가소재하는시ㆍ
도의교육감에게위탁하여실시할수있다.<신설2016.1.27.,2021.3.23.>
④제1항및제2항에따른공개전형을하는경우담당할직무수행에필요한자격요건,공개전형의절차ㆍ방법
및평가요소등공개전형에필요한사항은대통령령으로정한다.<개정2016.1.27.,2022.10.18.>
[전문개정2011.9.30.]",교육공무원법,1de17f80-c728-4f75-a85c-cbf0f04c8451
"
제24조의3(대학의장후보자추천을위한선거사무의위탁)①대학의장후보자를추천할때제24조제3항제2호
에따라해당대학교원,직원및학생의합의된방식과절차에따라직접선거로선정하는경우해당대학은
선거관리에관하여그소재지를관할하는「선거관리위원회법 」에따른구ㆍ시ㆍ군선거관리위원회(이하“구ㆍ
시ㆍ군선거관리위원회”라한다)에선거관리를위탁하여야한다.<개정2021.9.24.>
②중앙선거관리위원회는 제1항에따라구ㆍ시ㆍ군선거관리위원회가대학의장후보자추천선거를위탁받아
관리할때의후보자등록,선거기간,선거운동,선거비용,투표,개표등필요한사항에관하여「공공단체등위
탁선거에관한법률」제79조(시행규칙)에따라중앙선거관리위원회규 칙으로정하려는경우에는미리교육부장
관과협의하여야한다.이경우교육부장관은각대학의의견을들어야한다.<개정2013.3.23.,2014.6.11.>
③제1항에따라구ㆍ시ㆍ군선거관리위원회가대학의장후보자추천선거를위탁받아관리하는경우이법의
위반행위에대한조사등에관하여는「공공단체등위탁선거에관한법률」제73조(위반행위에대한조사등)
를적용한다.<개정2014.6.11.>
④대학의장후보자추천을위한선거관리에드는비용은해당대학에서부담하게할수있다.
[전문개정2011.9.30.]",교육공무원법,1fd6acf9-3b19-4278-909f-81c5c8d696b1
"4.금품비위,성범죄등다음각목의비위행위로인하여감사원및검찰ㆍ경찰등수사기관에서조사나수사
중인자로서비위의정도가중대하고이로인하여정상적인업무수행을기대하기현저히어려운자
가.「국가공무원법」제78조의2제1항각호의행위
나.「성폭력범죄의처벌등에관한특례법」제2조에따른성폭력범죄행위
다.「성매매알선등행위의처벌에관한법률」제4조에따른금지행위
라.「아동ㆍ청소년의성보호에관한법률」제2조제2호에따른아동ㆍ청소년대상성범죄행위
마.「아동복지법」제17조에따른금지행위
바.교육공무원으로서의 품위를크게손상하여그직위를유지하는것이부적절하다고판단되는행위
②제1항에따라직위를부여하지아니한경우그사유가소멸되면임용권자는지체없이직위를부여하여야
한다.
③임용권자는제1항제1호에따라직위해제된자에게3개월의범위에서대기를명한다.
④임용권자또는임용제청권자는제3항에따라대기명령을받은자에게능력회복이나근무성적의향상을위
한교육훈련또는특별한연구과제의부여등필요한조치를하여야한다.
⑤교육공무원에대하여제1항제1호의직위해제사유와같은항제2호부터제4호까지의직위해제사유가경합
(競合)할때에는같은항제2호부터제4호까지의직위해제처분을하여야한다.
[본조신설2021.9.24.]",교육공무원법,2103c9ad-dbe6-4195-b1ec-1dbbde845e49
"
제57조(「지방공무원법 」과의관계)①「지방공무원법」제20조의2를공립대학교육공무원인교원에게적용할
때같은조의“심사위원회”는“교원소청심사위원회 ”로본다.
②「지방공무원법」제41조제1항을공립대학교육공무원에게적용할때같은항각호외의부분본문중“제
63조제1항제1호ㆍ제2호ㆍ제4호ㆍ제5호,제63조제2항또는제65조의2”는“「교육공무원법」제44조제1항제1호ㆍ
제2호ㆍ제4호부터제7호까지ㆍ제7호의3ㆍ제8호부터제11호까지또는같은조제2항및제3항”으로보고,같은
항제1호중“제63조제1항제1호”는“「교육공무원법」제44조제1항제1호”로보며,같은항제2호중“제63조제2
항제4호”는“「교육공무원법」제44조제1항제7호”로본다.<개정2019.8.20.,2024.3.19.>
③「지방공무원법」제62조제1항제1호나목에서의직제의개정또는폐지와같은법제65조의4제1항에서의직
제의변경은공립대학의학교ㆍ학과또는학부의폐지를포함하는것으로본다.<개정2021.3.23.>
④「지방공무원법」제6조,제7조부터제9조까지,제9조의2,제10조,제10조의2,제10조의3,제11조,제22조,제
22조의2,제23조,제24조,제29조의2부터제29조의5까지,제30조,제30조의2,제32조,제34조,제34조의2,제35조부
터제37조까지,제39조,제39조의2,제40조및제74조는공립대학교육공무원에게,같은법제67조제2항부터제7
항까지의규정은공립대학교육공무원인교원에게각각적용하지아니한다.<개정2012.3.21.>
[전문개정2011.9.30.]
[시행일:2024.9.20.]제57조",교육공무원법,223699b9-f657-48be-9d56-de405dd5d85d
"
제59조(지방교육전문직원 인사위원회)①교육감소속교육전문직원의인사에관한중요사항에대하여교육감이
자문할수있도록교육감소속으로지방교육전문직원 인사위원회를둔다.
②제1항에따른지방교육전문직원 인사위원회는위원장1명을포함한7명의위원으로구성하며,위원장은부
교육감이된다.부교육감이2명인시ㆍ도에서는대통령령으로정하는부교육감을위원장으로한다.
③위원은7년이상의교육경력또는교육행정경력이있고인사행정에관한식견이풍부한사람중에서교육감
이임명하거나위촉한다.
④제1항에따른지방교육전문직원 인사위원회의심의사항등에관하여는제54조제4항및제5항을준용한다.
이경우“공립대학교육공무원”은“교육감소속교육전문직원”으로,“지방교육공무원인사위원회”는“지방교육
전문직원인사위원회”로본다.
[본조신설2012.12.11.]
[종전제59조는제63조로이동<2012.12.11.>]",교육공무원법,250289c3-9384-407b-b8ad-ff31a2dcb060
"제47조(정년)①교육공무원의정년은62세로한다.다만,「고등교육법」제14조에따른교원인교육공무원의정
년은65세로한다.
②교육공무원(임기가있는교육공무원을포함한다)은그정년에이른날이3월에서8월사이에있는경우에는
8월31일에,9월에서다음해2월사이에있는경우에는다음해2월말일에각각당연히퇴직한다.
[전문개정2011.9.30.]",교육공무원법,2507ff91-58d4-41a7-90ea-e98420aadeda
"제6조의2(수석교사의자격)수석교사는「유아교육법」제22조제3항및「초ㆍ중등교육법」제21조제3항의자격
이있는사람이어야한다.
[본조신설2011.7.25.]
제7조(교장ㆍ교감등의자격)교장ㆍ교감ㆍ원장ㆍ원감은「유아교육법」제22조제1항및「초ㆍ중등교육법」제
21조제1항에따른자격이있는사람이어야한다.
[전문개정2011.9.30.]",교육공무원법,2795c4bd-21f6-4b9d-b66e-26bd1603395b
"
제13조의2(허가권자)①공무국외출장등은 공무국외출장등을 하게되는사람(이하“공무국외출장자등 ”이라한다)
의소속장관(「공무원임용령」제2조제3호에따른소속장관을말한다.다만,파견중인공무원의경우에는파
견받은기관의장을말한다.이하같다)이허가한다.
②고위공직자의국외출장은소속장관이출국예정10일(토요일및공휴일은제외한다)전에미리출장일정,
인적구성및여비내역(이하“출장일정등”이라한다)을구체적으로밝혀외교부장관에게국외출장의허가를요
청하고,외교부장관의제청으로국무총리가허가한다.다만,대통령소속기관의장의국외출장은대통령이허가
하고,차관급상당의공무원[국무총리직속및소속의공무원과외청장(外廳長)은제외한다]의국외출장은소속
장관이허가한다.
③제2항에따른절차를거칠시간적여유가없는긴급한경우에는소속장관이출장일정등을외교부장관에게
구두로통보한후대통령또는국무총리의허가를직접받을수있다.이경우소속장관은허가를받은후출
장일정등을외교부장관에게서면으로통보하여야한다.
[본조신설2016.11.22.]",국가공무원 복무규정,2a3ee250-22d8-4ec8-b1f4-5d14ff7c9fa9
"
제11조의3(대학교원의신규채용등)①대학의교원을신규채용할때에는특정대학에서학사학위를취득한사
람이편중되지아니하도록하여야하며,그구체적인채용비율등은대통령령으로정한다.
②대학의교원을신규채용할때에는심사위원을임명하거나위촉하여객관적이고공정한심사를거쳐야한다.
③제2항에따른심사위원의임명ㆍ위촉방법,심사단계,심사방법및그밖에심사에필요한사항은대통령령
으로정한다.
[전문개정2011.9.30.]
[제11조의2에서이동,종전제11조의3은제11조의4로이동<2016.1.27.>]",교육공무원법,2cd7e9e1-6e54-421e-98db-83574c9a0228
"
제15조(우수교육공무원등의특별승진)①교육공무원이다음각호의어느하나에해당하고,상위의자격증을
취득하거나자격기준을갖춘때에는제13조와제14조에도불구하고특별승진임용할수있다.다만,제4호또는
제5호에해당하는경우에는상위의자격증이없거나자격기준을갖추지아니하여도특별승진임용할수있다.
<개정2021.3.23.>
1.교육자로서지녀야할인품과창의력이뛰어나며,청렴하고투철한봉사정신으로직무에힘써교육풍토쇄신
에다른교육공무원의귀감이되는사람
2.교수ㆍ지도및연구등직무수행능력이탁월하여교육발전에큰공헌을한사람
3.「국가공무원법」제53조또는「지방공무원법」제78조에따라제안이채택ㆍ시행되어예산을줄이는등
행정운영발전에현저한실적이있는사람
4.재직중현저한공적이있는사람이「국가공무원법」제74조의2또는「지방공무원법」제66조의2에따라
명예퇴직할때
5.재직중현저한공적이있는사람이공무로인하여사망하였을때
②제1항의특별승진의요건과그밖에필요한사항은대통령령으로정한다.
[전문개정2011.9.30.]",교육공무원법,2e03dfd9-b999-42a9-afdc-3004ac5417b7
"
제6조의3(겸임근무)①법제32조의3에따라겸임근무하는사람은복무에관하여본직기관의장의지휘ㆍ감독을
받는다.다만,겸임업무와관련한복무에관하여는겸임기관의장의지휘ㆍ감독을받는다.
②겸임근무하는사람이겸임업무와관련하여징계사유에해당하게되었을때에는그겸임기관의장은그겸
임근무자의본직기관의장에게그사실을통보하여야한다.
[전문개정2011.7.4.]
[제6조의2에서이동<2024.4.2.>]",국가공무원 복무규정,2e21cb6d-b16e-42ad-9111-7cf83883302d
제15조의2삭제<1981.6.24.>,국가공무원 복무규정,2ea336c7-b53a-4785-b438-664b465301f8
"
제2조의학교에서교원으로서전임으로근무한경력(제2조제1항제2호및제3호에따른교육전문직원으로 근무
한경력을포함한다)이15년이상인교육공무원이나사립학교교원중에서공모를통하여선발된사람을교장
으로임용하여줄것을임용제청권자에게요청할수있다.이경우학교유형별공모교장의자격기준및적용
범위등에관한사항은대통령령으로정한다.<개정2015.3.27.>
③제1항및제2항에도불구하고임용제청권자가교육제도의개선등을위하여필요하다고지정하는고등학교
이하각급학교의장은공모를통하여선발된사람을교장ㆍ원장으로임용하여줄것을임용제청권자에게요청
하여야한다.<개정2012.3.21.,2015.3.27.>
④제1항부터제3항까지의규정에따라요청을받은임용제청권자는임용요청된사람을해당학교의교장ㆍ원
장으로임용하여줄것을임용권자에게제청한다.다만,교장ㆍ원장임용관계법령위반등특별한사유가있
는경우에는그러하지아니하다.<개정2012.3.21.,2015.3.27.>
⑤제1항부터제3항까지의규정에따라공모로임용되는교장ㆍ원장(이하“공모교장ㆍ원장”이라한다)의임기
는4년으로하되공모교장ㆍ원장으로재직하는횟수를제한하지아니한다.<개정2012.3.21.>
⑥공모교장ㆍ원장의임기가끝나는경우공모교장ㆍ원장으로임용될당시교육공무원이었던사람은공모교
장ㆍ원장으로임용되기직전의직위로복귀한다.다만,임용되기직전의직위가교장ㆍ원장인사람으로서중임
한사람은교장ㆍ원장으로복귀하지아니한다.<개정2012.3.21.>
⑦임용제청권자는공모교장ㆍ원장에대하여직무수행,실적등을평가하고그결과를연수등인사에관한
자료로활용할수있다.<개정2012.3.21.>
⑧제1항부터제7항까지에서정한사항외에공모교장ㆍ원장의공모방법,임용,평가등필요한사항은대통
령령으로정한다.<개정2012.3.21.>
[본조신설2011.9.30.]
[종전제29조의3은제29조의4로이동<2011.9.30.>]",교육공무원법,30fd562e-af68-4fdc-8073-8e70c4b2e23e
"제30조(교감ㆍ교사ㆍ장학사등의임용)다음각호의교육공무원은교육부장관이임용한다.<개정2012.12.11.,
2013.3.23.>
1.제24조,제25조,제26조,제29조의2,제29조의3및제55조에규정된사람을제외한교원
2.교육부와그소속기관에근무하는장학사와교육연구사
[전문개정2011.9.30.]",교육공무원법,325d8fb2-a571-4ce6-a162-8bd4c0c20246
"
제36조(명예퇴직)①교육공무원으로20년이상근속한사람이정년전에스스로퇴직하는경우에는예산의범위
에서명예퇴직수당을지급할수있다.
②제1항에따른교육공무원중교장ㆍ원장이임기가끝나기전에스스로퇴직하는경우그정년은제47조에
따른연령으로본다.<개정2012.3.21.>
③제1항의명예퇴직수당의지급대상범위,지급액및지급절차와그밖에필요한사항은대통령령으로정한다.
[전문개정2011.9.30.]
",교육공무원법,34a3bea4-6c38-4317-b442-dbf245d22d5f
"
제10조의3(채용의제한)①이법에따른교원(제32조에따른기간제교원을포함한다),「사립학교법」에따른사
립학교교원(「사립학교법」제54조의4에따른기간제교원을포함한다),「유아교육법」제23조에따른강사등
또는「초ㆍ중등교육법」제22조에따른산학겸임교사등으로 재직하는동안다음각호의어느하나의행위로
인하여파면ㆍ해임되거나금고이상의형을선고받은사람(집행유예의형을선고받은후그집행유예기간이지
난사람을포함한다)은「유아교육법」제2조제2호의유치원및「초ㆍ중등교육법」제2조의학교(이하“고등학
교이하각급학교”라한다)의교원으로채용될수없다.다만,제50조제1항에따른교육공무원징계위원회에서
해당교원의반성정도등을고려하여교원으로서직무를수행할수있다고의결한경우에는그러하지아니하
다.<개정2010.4.15.,2011.5.19.,2015.3.27.,2021.3.23.,2022.10.18.>
1.삭제<2012.1.26.>
2.금품수수(授受)행위
3.시험문제유출및성적조작등학생성적관련비위행위
4.학생에대한신체적폭력행위
②제1항단서에따른교육공무원징계위원회의 의결은재적위원3분의2이상의출석과출석위원과반수의찬
성으로한다.
[본조신설2008.3.14.]",교육공무원법,3a599abd-85b9-445a-804c-06575ef732ba
"제17조(보직등관리의원칙)①임용권자나임용제청권자는법령에서따로정하는경우를제외하고는소속교육
공무원에게그자격에상응하는일정한직위를부여하여야한다.
②소속교육공무원에게보직을부여할때에는그교육공무원의자격,전공분야,재교육경력,근무경력및적성
등을고려하여적절한직위에임용하여야한다.
③고등학교이하각급학교의장은교원에대한징계처분의사유가「국가공무원법」제83조의2제1항제1호각
목의어느하나에해당하는등대통령령으로정하는사유에해당하는경우에는해당교원을징계처분이후5년
이상10년이하의범위에서대통령령으로정하는기간동안학급을담당하는교원(이하“학급담당교원”이라한
다)으로배정할수없다.<신설2020.12.22.,2022.10.18.>
④고등학교이하각급학교의장은제3항에따른기간동안해당교원의학급담당교원배정여부등제2조제6
항에따른임용에관한사항을교육부장관또는관할교육감에게보고하여야한다.<신설2020.12.22.>
[전문개정2011.9.30.]
[제목개정2020.12.22.]",교육공무원법,3e7cd0bd-3413-465f-adee-4d03bc4926b9
"제4조(친절ㆍ공정한업무처리)①공무원은공사(公私)를분별하고인권을존중하며친절하고신속ㆍ정확하게업
무를처리하여야한다.
②공무원은직무를수행할때종교등에따른차별없이공정하게업무를처리하여야한다.
[전문개정2011.7.4.]",국가공무원 복무규정,4255a449-1540-43e5-a987-de101290567c
"
제50조(징계위원회의설치)①교육공무원의징계처분및제10조의3제1항각호외의부분단서에따른교원의
채용에관한사항을의결하게하기위하여대통령령으로정하는교육기관,교육행정기관,지방자치단체및교육
연구기관에교육공무원징계위원회(이하“징계위원회”라한다)를둔다.
②징계위원회의종류ㆍ구성ㆍ권한ㆍ심의절차,징계위원회위원의제척(除斥)이나기피(忌避)에관한사항및
징계대상자의진술권등필요한사항은대통령령으로정한다.
③징계대상자에게의견을진술할기회를주지아니한징계의의결은무효로한다.
[전문개정2011.9.30.]",교육공무원법,42922c97-bc14-43f1-8bec-253bf69cc0b4
"제9조(근무시간등)①공무원의1주간근무시간은점심시간을제외하고40시간으로하며,토요일은휴무함을원
칙으로한다.<개정2024.4.2.>
②공무원의1일근무시간은오전9시부터오후6시까지로하며,점심시간은낮12시부터오후1시까지로한다.
다만,행정기관의장은직무의성질,지역또는기관의특수성을고려하여필요하다고인정할때에는1시간의
범위에서점심시간을달리정하여운영할수있다.
③1주40시간근무에관하여필요한사항은인사혁신처장이정한다.<개정2013.3.23.,2014.11.19.>
④「전자정부법」제32조제3항에따라온라인원격근무를실시하는행정기관의장은소속공무원중원격근무
자의근무에관하여필요한사항을소속중앙행정기관의장의승인을받아따로정할수있다.<개정2018.7.
2.>
[전문개정2011.7.4.]",국가공무원 복무규정,44709d21-5f29-4bca-88a4-2e30a19a545a
제48조(교원의불체포특권)교원은현행범인인경우를제외하고는소속학교의장의동의없이학원안에서체포,교육공무원법,46f41467-ef94-4e06-8979-07830025dd69
"
제8조의3(복무실태의확인ㆍ점검)①중앙행정기관의장은소속공무원의근무기강을확립하기위해노력해야
하며,다음각호의조치를해야한다.<신설2019.12.31.,2021.12.31.>
1.소속공무원에대한연1회이상의근무시간,출퇴근,제10조제2항에따른유연근무,당직,휴가,출장등복
무실태점검
2.제1호에따른점검결과에대한감사기구(「공공감사에관한법률」제2조제5호에따른자체감사기구를말한
다)의후속조치
3.제1호에따른점검결과3회이상위반행위가적발된소속공무원에대한징계의결요구.이경우전단에따
른위반행위는「국가공무원법」제83조의2제1항에따른기간내에있는것이어야한다.
4.소속공무원의근무기강확립을위한교육실시
5.그밖에중앙행정기관의장이근무기강의확립을위해필요하다고인정하는조치
②인사혁신처장은각급행정기관에대하여그소속공무원의근무시간,출퇴근,제10조제2항에따른유연근무,
당직,휴가,출장등복무실태를확인하기위하여필요한자료의제출을요구할수있다.다만,긴급하다고인
정되는경우에는인사혁신처소속공무원으로하여금각급행정기관의복무실태를확인ㆍ점검하도록할수있
다.<개정2013.3.23.,2014.11.19.,2019.12.31.,2021.12.31.>
③인사혁신처장은제2항에따른확인ㆍ점검결과를해당행정기관에통보하고,시정또는보완이필요하다고
인정되는경우에는그시정또는보완등필요한조치를요구할수있다.<개정2013.3.23.,2014.11.19.,2019.
12.31.>
④제1항부터제3항까지의규정에따른복무실태의확인ㆍ점검등에관하여필요한사항은인사혁신처장이정
한다.<신설2019.12.31.>
[전문개정2011.7.4.]",국가공무원 복무규정,48d62818-f612-48b4-9ea5-b08e18e192cc
"제13조의7(허가권의위임)소속장관은제13조의2에따른공무국외출장등에 관한허가권을바로아래하급행정기
관의장에게위임할수있다.
[본조신설2016.11.22.]",국가공무원 복무규정,49a2068d-b18e-4653-a605-862761585f28
"
제19조의2(영리업무및겸직금지에관한특례)①「고등교육법」제14조제2항에따른교수ㆍ부교수및조교수는
학생의교육ㆍ지도와학문의연구에지장이없는범위안에서소속학교의장의허가를받아상업ㆍ공업ㆍ금융업
그밖에영리를목적으로하는사기업체의사외이사(「자본시장과금융투자업에관한법률」제9조제3항에따
른해당회사의상무에종사하지아니하는이사를말한다.이하이조에서같다)를겸직할수있다.<개정2007.
8.3.,2008.3.14.,2011.7.21.,2017.11.28.,2021.3.23.>
②제1항에따라사외이사를겸직하는교수ㆍ부교수및조교수는그해에「상법」제388조에따라해당사기
업체로부터받은보수전부를소속학교의장에게다음해1월31일까지보고하여야한다.<신설2017.11.28.,
2021.3.23.>
③제1항에따른허가의구체적인기준ㆍ방법ㆍ절차및제2항에따른보고의방법ㆍ절차등은대통령령으로정
한다.<개정2017.11.28.>
[본조신설2002.12.5.]",교육공무원법,49c70f78-fab5-4310-a0c6-6a5201bf5366
"제58조(교육감소속교육전문직원의임용)교육감소속교육전문직원은교육감이임용한다.
[본조신설2012.12.11.]
[종전제58조는제62조로이동<2012.12.11.>]",교육공무원법,4bea0db7-2713-4ef3-bb85-9d794ece7c2a
"
제60조(교육감소속교육전문직원의채용및전직등)①교육감소속교육전문직원과「유아교육법」및「초ㆍ
중등교육법」에따른국립ㆍ공립학교의교원간에는제12조제1항제4호에따른채용을거쳐상호전직할수있
다.<개정2022.10.18.>
②교육부및그소속기관의교육전문직원과교육감소속교육전문직원간에는「지방공무원법」제30조의2에
도불구하고교육공무원종류및교류인원등을달리하여인사교류를할수있다.<개정2013.3.23.>
③국가교육위원회의 교육전문직원과교육감소속의교육전문직원간에는서로전직하거나전보할수있다.
<신설2022.12.13.>
[본조신설2012.12.11.]
[제목개정2022.10.18.]",교육공무원법,4f8c7c18-26e2-46fe-bab7-a33f145a63be
"
제8조의4(근무혁신기본계획의 수립등)①인사혁신처장은유연하고효율적인근무방식을확산시키고업무생산
성을높이기위하여근무혁신기본계획(이하이조에서“기본계획”이라한다)을수립ㆍ시행할수있다.
②기본계획에는다음각호의사항이포함되어야한다.
1.근무혁신기본목표및추진방향
2.근무혁신추진과제및추진방법
3.그밖에원활한근무혁신추진을위하여필요하다고인정되는사항
③중앙행정기관의장은기본계획에따라연도별시행계획(이하이조에서“시행계획”이라한다)을수립하여인
사혁신처장에게제출하고이를시행해야한다.
④인사혁신처장은시행계획과그실적을점검하고,필요한경우개선을권고할수있다.
⑤인사혁신처장은기본계획을수립ㆍ시행하거나제4항에따른실적점검을위하여필요한경우관계중앙행정
기관의장에게관련자료의제출등협조를요청할수있다.이경우협조요청을받은중앙행정기관의장은
특별한사유가없으면이에따라야한다.
⑥제1항부터제5항까지에서규정한사항외에기본계획및시행계획의수립ㆍ시행에필요한사항은인사혁신
처장이정한다.
[본조신설2024.7.2.]",국가공무원 복무규정,4fbf45bc-b772-4ce9-bf07-c4a2c4c450b3
"
제40조(특별연수)①국가나지방자치단체는특별연수계획을수립하여교육공무원을국내외의교육기관또는연
구기관에서일정기간연수를받게할수있다.
②국가나지방자치단체는예산의범위에서제1항에따른특별연수경비를지급할수있다.
③교육부장관은제1항에따라특별연수를받고있는교육공무원이연수목적을성실하게수행할수있도록지
도ㆍ감독하여야하며,이를위하여필요한사항은대통령령으로정한다.<개정2013.3.23.>
④제1항에따라특별연수를받은교육공무원에게는 6년의범위에서대통령령으로정하는바에따라일정기간
복무의무를부과할수있다.
⑤교육부장관은제1항에따라특별연수를받고있거나받은교육공무원이다음각호의어느하나에해당하는
경우에본인에게그특별연수경비의전부또는일부를반납할것을명할수있고,본인이반납하지아니할경
우그의보증인(「보험업법」에따라보증보험증권을발행한보험회사를포함한다)에게보증채무의이행을청
구할수있으며,반납하지아니하면그특별연수경비의재원(財源)에따라국세체납처분또는지방세체납처
분의예에따라징수할수있다.이경우반납에필요한사항은대통령령으로정한다.<개정2013.3.23.,2022.
10.18.>
1.제3항에따른지도ㆍ감독을위한지시사항을이행하지아니한경우
2.제4항에따른복무의무를이행하지아니한경우
[전문개정2011.9.30.]",교육공무원법,50f3eed6-7680-4729-a4cb-351e42cb792a
"제12조(현업공무원등의근무시간과근무일)다음각호의기관에소속된공무원의근무시간과근무일은그기
관의장이소속중앙행정기관의장의승인을받아따로정할수있다.
1.현업기관
2.제1호외에직무성질상상시근무체제를유지할필요가있거나토요일또는공휴일에도정상근무를할필
요가있는기관
3.「책임운영기관의설치ㆍ운영에관한법률」에따라설치된책임운영기관
[전문개정2011.7.4.]",국가공무원 복무규정,5533c4dd-46f4-4c1f-93ec-f266efd2611e
"제6조(출장공무원)①상사의명을받아출장하는공무원(이하“출장공무원”이라한다)은해당공무수행을위하
여전력을다하여야하며,사적인일을위하여시간을소비해서는아니된다.
②출장공무원은지정된출장기간내에그업무를완수해야하며,출장기간을변경할사유가발생하면지체없
이전화,팩스또는그밖의방법으로소속기관의장에게보고하고그지시를받아야한다.다만,신속히업무
를수행해야하는긴급한사정이있는경우에는사후에보고할수있다.<개정2019.12.31.>
③출장공무원은그출장용무를마치고사무실로돌아왔을때에는지체없이소속기관의장에게결과보고서
를제출하여야한다.다만,경미한사항에대한결과보고는말로할수있다.
④소속장관은대한민국재외공관에근무하는공무원에게30일의범위에서귀국출장을명할수있다.다만,특
별한사유가있을때에는국무총리의사전승인을받아그출장기간을연장할수있다.
⑤소속기관의장은임신중인공무원과태아의건강을보호하기위하여해당공무원의장거리또는장기간
출장을제한할수있다.<신설2017.3.20.>
[전문개정2011.7.4.]",국가공무원 복무규정,568d47c4-24c1-4f01-86a6-a7a2136db259
"
제13조의8(사후관리등)①소속장관은공무국외출장등을 마치고귀국한공무원에대하여그가습득한지식또
는기술을관련직무분야에서충분히활용할수있게하여야한다.
②소속장관은소속공무원중에서제13조의6에따른공무국외출장등의 결과보고서의제출,등록및그밖에
공무국외출장등의 사후관리에관한업무를담당할사람을지정하여야한다.
③국무총리는필요한경우인사혁신처장으로 하여금공무국외출장등의 허가업무에관하여지도ㆍ감독하게할
수있다.
[본조신설2016.11.22.]",국가공무원 복무규정,5691b11d-3536-4428-b3b4-78a550f09c18
"
제33조(임용권의위임등)①대통령령으로정하는바에따라대통령은그임용권의일부를국가교육위원회위원
장또는교육부장관에게,교육부장관은그임용권의일부를교육기관,교육행정기관또는교육연구기관의장에
게위임할수있다.<개정2013.3.23.,2022.10.18.>
②「초ㆍ중등교육법」제62조제2항및「고등교육법」제59조제3항에따라학교의설립및운영에관한권한
이관계중앙행정기관의장에게위탁된학교의소속교원의임용에관하여는제1항에따른임용권의위임기준
에준하여대통령령으로정하는바에따라임용권자를따로정할수있다.<개정2012.1.26.>
[전문개정2011.9.30.]
",교육공무원법,589531ee-a489-4ac4-80fa-3f67f128aa90
"
제49조(고충처리)①교육공무원(공립대학에근무하는교육공무원은제외한다.이하이조에서같다)은누구나인
사ㆍ조직ㆍ처우등각종직무조건과그밖의신상문제에대하여인사상담이나고충의심사를청구할수있으
며,이를이유로불이익한처분이나대우를받지아니한다.
②제1항에따라청구를받은임용권자나임용제청권자(임용추천권자를포함한다.이하같다)는이를제3항에
따른고충심사위원회회의에부쳐심사하게하거나소속공무원으로하여금상담하게하고,그결과에따라고
충의해소등공정한처리를위하여노력하여야한다.
③교육공무원의고충을심사하기위하여교육부에교육공무원중앙고충심사위원회를두고,임용권자또는임
용제청권자단위로교육공무원보통고충심사위원회를두되교육공무원중앙고충심사위원회의기능은「교원의
지위향상및교육활동보호를위한특별법」에따른교원소청심사위원회에서 관장한다.<개정2013.3.23.,2016.
2.3.>
④교육공무원중앙고충심사위원회는다음각호의사항을심사한다.<개정2012.3.21.,2012.12.11.,2022.12.
13.>
1.교육공무원보통고충심사위원회의심사를거친재심청구
2.다음각목에해당하는사람의고충
가.부교수이상의대학교원
나.제29조제1항에따라대통령이임용하는장학관ㆍ교육연구관
다.제29조의2제1항에따라대통령이임용하는교장ㆍ원장
라.「국가교육위원회설치및운영에관한법률」제20조제4항에따라대통령이임용하는장학관ㆍ교육연구
관
3.제58조에따라교육감이임용하는장학관과교육연구관중교육행정기관에근무하는과장급이상의직위에
해당하는사람,교육연수기관의장,교육연구기관의장,교원연수기관의장의고충
⑤교육공무원보통고충심사위원회는다음각호의사항을심사한다.<개정2012.12.11.,2013.3.23.,2021.3.23.,
2022.12.13.>
1.조교수이하의대학교원의고충
2.제30조에따라교육부장관이임용하는교육공무원의고충
3.제58조에따라교육감이임용하는교육전문직원(제4항제3호에해당하는사람은제외한다)의고충
4.「국가교육위원회설치및운영에관한법률」제20조제4항에따라국가교육위원회위원장이임용하는교육
공무원의고충
⑥제5항에도불구하고같은항에규정된교육공무원의고충이임용권자를달리하는둘이상의기관에관련된
경우에는교육공무원중앙고충심사위원회에서심사하고,원래소속기관의교육공무원보통고충심사위원회에서
고충을심사하는것이부적당하다고인정되는경우에는바로위상급기관의교육공무원보통고충심사위원회에
서심사할수있다.
⑦임용권자나임용제청권자는심사결과필요하다고인정할때에는처분청또는관계기관의장에게그시정
을요청할수있으며,요청을받은처분청또는관계기관의장은특별한사유가없으면이를이행하고,그처
리결과를통보하여야한다.다만,부득이한사유로이행하지못할경우에는그사유를통보하여야한다.
⑧교육공무원고충심사위원회의구성ㆍ권한ㆍ심사절차와그밖에필요한사항은대통령령으로정한다.
[전문개정2011.9.30.]",교육공무원법,59310159-62cb-4d4b-8568-9ef061920836
"
제5조(당직및비상근무)①휴일또는근무시간외의화재ㆍ도난또는그밖의사고의경계와문서처리및업
무연락을하기위한일직근무자 ㆍ숙직근무자ㆍ방호직공무원또는그밖의당직근무자는모든사고를방지하여
야하며,사고가발생하였을때에는신속하게필요한조치를하여야한다.<개정2024.7.2.>
②행정기관의장은전시ㆍ사변,천재지변또는그밖에이에준하는비상사태가발생한경우또는이에대비
하기위한훈련을하는경우에는이에따른근무상필요한조치를하여야한다.
③당직및비상근무에관하여필요한사항은총리령으로정한다.<개정2013.3.23.,2014.11.19.>
[전문개정2011.7.4.]",국가공무원 복무규정,5a88162d-42c6-494b-bff2-f6897e5ce344
"제11조의4(계약제임용등)①대학의교원은대통령령으로정하는바에따라근무기간,급여,근무조건,업적및
성과약정등계약조건을정하여임용할수있다.
②제1항에따라임용된교원의임용권자는그교원의임용기간이끝나기4개월전까지임용기간이끝난다는
사실과재임용심의를신청할수있음을그교원에게문서로통지하여야한다.
③제2항에따라통지를받은교원이재임용을받으려면통지를받은날부터15일이내에임용권자에게재임용
심의를신청하여야한다.
④제3항에따른재임용심의를신청받은임용권자는대학인사위원회의 재임용심의를거쳐해당교원을재임
용할지결정하고그사실을임용기간이끝나기2개월전까지그교원에게문서로통지하여야한다.이경우그
교원을재임용하지아니하기로결정하였을때에는재임용하지아니하겠다는의사와재임용거부사유를구체적
으로밝혀통지하여야한다.
⑤대학인사위원회가 제4항에따라해당교원의재임용에대하여심의할때에는다음각호의사항에관한평
가등객관적인사유로서학칙으로정하는사유에근거하여야한다.이경우심의과정에서15일이상의기간
을정하여해당교원에게지정된날짜에대학인사위원회에 출석하여의견을진술하거나서면으로의견을제출
할기회를주어야한다.<개정2017.11.28.>
1.학생교육에관한사항
2.학문연구에관한사항
3.학생지도에관한사항
4.「산업교육진흥및산학연협력촉진에관한법률」제2조제6호에따른산학연협력에관한사항
⑥대학인사위원회는 교원의재임용을심의하는경우해당교원의평가등에제5항각호의사항에대한실적
과성과가「고등교육법」제15조에따른해당교원의임무에비추어적정하게반영될수있도록필요한조치
를취하여야한다.<신설2017.11.28.>
⑦재임용이거부된교원이재임용거부처분에불복하려는경우에는그처분이있음을안날부터30일이내에
「교원의지위향상및교육활동보호를위한특별법」제7조에따른교원소청심사위원회에 심사를청구할수
있다.<개정2016.2.3.,2017.11.28.>
[전문개정2011.9.30.]
[제11조의3에서이동,종전제11조의4는제11조의5로이동<2016.1.27.>]",교육공무원법,5aca5069-da27-40fa-bdfa-cb9c505dcc24
"
제13조의6(보고서제출및등록)①공무국외출장등을 마치고귀국한공무국외출장자등은 30일이내에인사혁신
처장이정하는사항이포함된공무국외출장등의 결과보고서를소속장관에게제출하여야한다.
②소속장관은제1항에따라제출받은공무국외출장등의 결과보고서를제출받은날부터15일이내인사혁신처
가구축한정보유통망에등록하여야한다.다만,국가기밀의보호,보안유지등을위하여필요한경우로서소속
장관이그사유를구체적으로밝혀인사혁신처장에게 통보한경우에는그러하지아니하다.<개정2017.3.20.>
③공무국외출장자등은 출장결과중외교업무와관련된사항이있는경우에는귀국후14일이내에해당사
항을서면으로외교부장관에게통보하거나보고하여야한다.
④인사혁신처장및그밖의소속장관은공무국외출장등으로 수집된정보의공동활용을위하여지방자치단체
의장,지방의회의의장과「공공기관의운영에관한법률」제4조에따른공공기관의장에게그소속직원의
공무국외출장등의 결과보고서를제2항본문에따른정보유통망에등록하도록협조를요청할수있다.<개정
2021.11.30.>
⑤제2항본문및제4항에서규정한사항외에공무국외출장등의 결과보고서의공동활용을위한정보유통망의
구축및운영에필요한사항은인사혁신처장이정한다.
[본조신설2016.11.22.]",국가공무원 복무규정,5d08a82f-1abd-4946-b051-4845b7c037c7
"제41조(연수기관및근무장소외에서의연수)교원은수업에지장을주지아니하는범위에서소속기관의장의
승인을받아연수기관이나근무장소외의시설또는장소에서연수를받을수있다.
[전문개정2011.9.30.]",교육공무원법,5dd28750-32dd-4974-910d-aabcfe1d7def
"제23조의2(인사관리의전자화)①교육부장관은교육공무원의인사관리를과학화하기위하여교육공무원의인사
기록을데이터베이스화하여관리하고인사업무를전자적으로처리할수있는시스템을구축하여운영할수있
다.<개정2013.3.23.>
②제1항에따른시스템의구축ㆍ운영등에필요한사항은대통령령으로정한다.
[전문개정2011.9.30.]",교육공무원법,5ea9ada7-9461-490e-8a3d-30521fed8c62
"
제18조(병가)①행정기관의장은소속공무원이다음각호의어느하나에해당할경우에는연60일의범위에서
병가를승인할수있다.이경우질병이나부상으로인한지각ㆍ조퇴및외출은누계8시간을병가1일로계산
하고,제17조제5항에따라연가일수에서빼는병가는병가일수에산입하지아니한다.<개정2015.10.6.,2018.
7.2.>
1.질병또는부상으로인하여직무를수행할수없을때
2.감염병에걸려그공무원의출근이다른공무원의건강에영향을미칠우려가있을때
②행정기관의장은소속공무원이공무상질병또는부상으로직무를수행할수없거나요양이필요할경우에
는연180일의범위에서병가를승인할수있다.<개정2015.10.6.>
③병가일수가연간6일을초과하는경우에는의사의진단서를첨부하여야한다.<개정2018.7.2.>
[전문개정2011.7.4.]",국가공무원 복무규정,5f65058b-f852-46ce-90b4-6e40f0d485df
"제20조(특별휴가)①행정기관의장은소속공무원이결혼하거나그밖의경조사가있는경우에는해당공무원의신청에따라별표2의
기준에따른경조사휴가를주어야한다.<개정2017.3.20.>
②임신중인공무원은출산전과출산후를통하여90일(한번에둘이상의자녀를임신한경우에는120일)의출산휴가를사용할수있되,
출산후의휴가기간이45일(한번에둘이상의자녀를임신한경우에는60일)이상이되도록해야한다.다만,임신중인공무원은다음각
호의어느하나에해당하는사유로출산휴가를신청하는경우에는출산전어느때라도최장44일(한번에둘이상의자녀를임신한경우
에는59일)의범위에서출산휴가를나누어사용할수있다.<개정2014.6.30.,2015.10.6.,2021.12.31.,2023.7.18.,2024.7.2.>
1.임신중인공무원이유산(「모자보건법」제14조제1항에따라허용되는경우외의인공임신중절에의한유산은제외한다.이하제3호를
제외하고같다)ㆍ사산의경험이있는경우
2.임신중인공무원이출산휴가를신청할당시연령이40세이상인경우
3.임신중인공무원이유산ㆍ사산또는조산(早産)의위험이있다는의료기관의진단서를제출한경우
③여성공무원은생리기간중휴식을위하여매월1일의여성보건휴가를사용할수있다.이경우여성보건휴가는무급으로한다.<개정
2011.7.4.,2019.12.31.,2024.7.2.>
④임신중인여성공무원은1일2시간의범위에서휴식이나병원진료등을위한모성보호시간을사용할수있다.이경우모성보호시간의
사용기준및절차등에관하여필요한사항은인사혁신처장이정한다.<신설2013.5.31.,2018.7.2.,2024.7.2.>
⑤8세이하또는초등학교2학년이하의자녀가있는공무원은자녀를돌보기위하여36개월의범위에서1일최대2시간의육아시간을사
용할수있다.이경우육아시간의사용기준및절차등에관하여필요한사항은인사혁신처장이정한다.<개정2018.7.2.,2024.7.2.>
⑥한국방송통신대학교에재학중인공무원은「한국방송통신대학교설립및운영에관한법률」제9조제1항에따른출석수업에참석하기
위하여제15조의연가일수를초과하는출석수업기간에대한수업휴가를받을수있다.<개정2011.7.4.,2013.5.31.,2021.6.1.>
⑦삭제<2005.6.30.>
⑧삭제<2005.6.30.>
⑨「재난및안전관리기본법」제3조제1호에따른재난으로피해[배우자,부모(배우자의부모를포함한다)또는자녀가입은피해를포함
한다.이하이항에서같다]를입은공무원과재난발생지역에서자원봉사활동을하려는공무원은5일(같은법제14조제1항에따른대규모
재난으로피해를입은공무원으로서장기간피해수습이필요하다고소속행정기관의장이인정하는경우에는10일)이내의재해구호휴가
를받을수있다.<개정2020.10.20.>
⑩유산하거나사산한여성공무원은다음각호의구분에따른유산휴가또는사산휴가를사용할수있다.<개정2011.7.4.,2014.6.30.,2019.
12.31.,2024.7.2.>
1.임신기간이15주이내인경우:유산하거나사산한날부터10일까지
2.임신기간이16주이상21주이내인경우:유산하거나사산한날부터30일까지
3.임신기간이22주이상27주이내인경우:유산하거나사산한날부터60일까지
4.임신기간이28주이상인경우:유산하거나사산한날부터90일까지
⑪남성공무원은배우자가유산하거나사산한경우제10항각호의구분에따른기간중3일의유산휴가또는사산휴가를사용할수있다.
<신설2019.12.31.,2024.7.2.>
⑫인공수정또는체외수정등난임치료시술을받는공무원은다음각호의구분에따라난임치료시술휴가를사용할수있다.<개정2011.
7.4.,2018.7.2.,2018.12.18.,2019.12.31.,2021.12.31.,2024.7.2.>
1.여성공무원:다음각목의어느하나에해당하는경우해당목에서정한기간
가.인공수정등시술을받는경우:총2일(시술당일에1일과시술일전날,시술일후2일이내이거나시술관련진료일중에1일)
나.동결보존된배아를이식하는체외수정시술을받는경우:총3일(시술당일에1일과시술일전날,시술일후2일이내이거나시술관
련진료일중에2일)
다.난자채취를하여체외수정시술을받는경우:총4일(난자채취일에1일,시술당일에1일과시술일전날,난자채취일전날,시술일
후2일이내,난자채취일후2일이내이거나시술관련진료일중에2일)
2.남성공무원:정자채취일에1일
⑬행정기관의장은소속공무원이국가또는해당기관의주요업무를성공적으로수행하여탁월한성과와공로가인정되는경우에는10
일이내의포상휴가를줄수있다.이경우탁월한성과와공로에대한판단의기준은인사혁신처장이정한다.<신설2015.10.6.,2019.12.
31.>
⑭공무원은다음각호의어느하나에해당하는경우연간10일의범위에서가족돌봄휴가를사용할수있다.<개정2020.10.20.,2024.7.2.>
1.「영유아보육법」에따른어린이집,「유아교육법」에따른유치원및「초ㆍ중등교육법」제2조각호의학교(이하이항에서“어린이
집등”이라한다)의휴업ㆍ휴원ㆍ휴교,그밖에이에준하는사유로자녀또는손자녀를돌봐야하는경우
2.자녀또는손자녀가다니는어린이집등의공식행사또는교사와의상담에참여하는경우
3.미성년자또는「장애인복지법」제2조제2항에따른장애인(이하이조에서“장애인”이라한다)인자녀ㆍ손자녀의병원진료(「국민건강
보험법」제52조에따른건강검진또는「감염병의예방및관리에관한법률」제24조및제25조에따른예방접종을포함한다)에동행
하는경우
4.질병,사고,노령등의사유로조부모,외조부모,부모(배우자의부모를포함한다),배우자,자녀또는손자녀를돌봐야하는경우
⑮제14항에따른가족돌봄휴가는무급으로하되,자녀(같은항제4호의경우에는미성년자또는장애인인자녀로한정한다)를돌보기위한
가족돌봄휴가는해당공무원의자녀(제14항제1호에따른어린이집등에재학중이거나미성년인자녀또는장애인인자녀를말한다)수에1
을더한일수까지를연간유급휴가일수로한다.다만,장애인인자녀가있는공무원또는「한부모가족지원법」제4조제1호의모또는부
에해당하는공무원의경우에는본문에따른연간유급휴가일수에1일을더한일수까지연간유급휴가일수로한다.<신설2020.10.20.,
2024.7.2.>
⑯여성공무원은임신기간중검진을위해10일의범위에서임신검진휴가를사용할수있다.<신설2019.12.31.,2020.10.20.,2024.7.2.>
⑰행정기관의장은소속공무원이다음각호의요건을모두충족하는경우4일의범위에서심리상담,진료및휴식을위한심리안정휴가
를줄수있다.이경우사건ㆍ사고등심리안정휴가의세부인정기준,심리안정휴가의부여방법및사용절차에관하여필요한사항은
인사혁신처장이정한다.<신설2023.7.18.>
1.「공무원재해보상법」제5조각호의어느하나에해당하는직무를수행하는과정에서인명피해가있는사건ㆍ사고를경험했을것
2.제1호에따른인명피해가있는사건ㆍ사고의경험으로인해심리적안정과정신적회복이필요하다고인정될것",국가공무원 복무규정,5fa7e82d-7ebb-4863-8a7f-37fe63ca1b9d
"
제10조(근무시간등의변경)①중앙행정기관의장은직무의성질,지역또는기관의특수성에따라필요하다고
인정할때에는해당중앙행정기관또는그소속기관(이하이조에서“소속행정기관”이라한다)의공무원에대
하여제9조제1항및제2항에따른통상의근무시간또는근무일을변경하여근무하게할수있다.이경우중
앙행정기관의장은변경하려는내용과이유를미리인사혁신처장에게 통보하여야한다.<개정2013.3.23.,2014.
11.19.>
②공무원은소속행정기관의장에게제9조제1항및제2항에따른통상의근무시간 ㆍ근무일을변경하는근무
또는제9조제4항에따른온라인원격근무(이하“유연근무”라한다)를신청할수있다.
③공무원이유연근무를신청한경우소속행정기관의장은공무수행에특별한지장이없으면이를승인하여
야하며,유연근무를이유로그공무원의보수ㆍ승진및근무성적평정등에서부당한불이익을주어서는아니
된다.<개정2015.10.6.>
④유연근무실시의범위,유형,실시절차와그밖에필요한사항은인사혁신처장이정한다.<개정2013.3.23.,
2014.11.19.>
[전문개정2011.7.4.]",국가공무원 복무규정,6051b772-c0fb-4ace-ade9-8eb28a1d6c31
"제17조(연가일수에서의공제)①결근일수,정직일수,직위해제일수및강등처분에따라직무에종사하지못
하는일수는연가일수에서뺀다.다만,「공무원임용령」제31조제2항제2호에따른기간중직무에종사하지
못하는일수는연가일수에서빼지아니한다.<개정2018.7.2.>
②연도중임용되거나휴직또는퇴직하는등의사유로인사혁신처장이정하는사실상직무에종사하지아니
한기간이있는경우의연가일수는다음의계산식에따라산정한다.이경우해당연도중사실상직무에종
사한기간은개월수로환산하여계산하되,15일이상은1개월로계산하고,15일미만은산입하지아니하며,계
산식에따라산출된소수점이하의일수는반올림한다.<개정2018.7.2.>
 
③제2항에따른사실상직무에종사하지아니한기간이있는공무원이같은항의계산식에따른연가일수(제
16조의3에따른저축연가일수를포함한다)를초과하여사용한연가일수(인사혁신처장이정하는경우에는제
16조제6항에따라미리사용한연가일수를포함한다)는결근으로본다.<신설2018.7.2.>
④질병이나부상외의사유로인한지각ㆍ조퇴및외출은누계8시간을연가1일로계산한다.<개정2018.7.
2.>
⑤제18조제1항에따른병가중연간6일을초과하는병가일수는연가일수에서뺀다.다만,의사의진단서가
첨부된병가일수는연가일수에서빼지아니한다.<개정2018.7.2.>
[전문개정2011.7.4.]",국가공무원 복무규정,61ef6db8-f65e-4d49-bbaa-62a19fc7d5d1
"
제32조(기간제교원)①고등학교이하각급학교교원의임용권자는다음각호의어느하나에해당하는경우에는
예산의범위에서기간을정하여교원자격증을가진사람을교원으로임용할수있다.<개정2012.3.21.>
1.교원이제44조제1항각호의어느하나의사유로휴직하게되어후임자의보충이불가피한경우
2.교원이파견ㆍ연수ㆍ정직ㆍ직위해제등대통령령으로정하는사유로직무를이탈하게되어후임자의보충이
불가피한경우
3.특정교과를한시적으로담당하도록할필요가있는경우
4.교육공무원이었던사람의지식이나경험을활용할필요가있는경우
5.유치원방과후과정을담당하도록할필요가있는경우
②제1항에따라임용된교원(이하“기간제교원”이라한다)은정규교원임용에서어떠한우선권도인정되지아
니하며,같은항제4호에따라임용된사람을제외하고는책임이무거운감독업무의직위에임용될수없다.
③기간제교원에대하여는제43조제2항ㆍ제3항,제43조의2,제44조부터제47조까지및제49조부터제51조까지,
「국가공무원법」제16조,제70조,제73조,제73조의2부터제73조의4까지,제75조,제76조,제78조,제78조의2,제
79조,제80조,제82조,제83조제1항ㆍ제2항및제83조의2를적용하지아니하며,임용기간이끝나면당연히퇴직
한다.<개정2018.12.18.>
④기간제교원의임용에관하여는제10조의3제1항및제10조의4를준용한다.<개정2012.1.26.,2021.3.23.>
[전문개정2011.9.30.]",교육공무원법,64705d73-d4eb-4a64-b165-bc628f9adedc
"
제2조(정의)①이법에서“교육공무원”이란다음각호의어느하나에해당하는사람을말한다.
1.교육기관에근무하는교원및조교
2.교육행정기관에근무하는장학관및장학사
3.교육기관,교육행정기관또는교육연구기관에근무하는교육연구관및교육연구사
②이법에서“교육전문직원”이란제1항제2호및제3호에따른교육공무원을말한다.<신설2012.12.11.>
③이법에서“교육기관”이란다음각호의어느하나에해당하는국립또는공립의학교또는기관을말한다.
<개정2012.12.11.,2015.3.27.>
1.「유아교육법」제2조제2호의유치원,「초ㆍ중등교육법」제2조및「고등교육법」제2조의학교
2.제39조제1항에따른연수기관
3.교육관계법령이나교육관계조례에따라설치된학생수련기관등교육연수기관
④이법에서“교육행정기관”이란국가교육위원회,교육부및그소속기관과특별시ㆍ광역시ㆍ특별자치시ㆍ도
또는특별자치도(이하“시ㆍ도”라한다)의교육관서를말한다.<개정2012.12.11.,2013.3.23.,2015.3.27.,2021.
7.20.>
⑤이법에서“교육연구기관”이란교육에관하여전문적으로조사ㆍ연구를하기위하여설립된국립또는공립
의기관을말한다.<개정2012.12.11.>
⑥이법에서“임용”이란신규채용,승진,승급,전직(轉職),전보(轉補),겸임,파견,강임(降任),휴직,직위해제,
정직(停職),복직,면직,해임및파면을말한다.<개정2012.12.11.>
⑦이법에서“직위”란1명의교육공무원에게부여할수있는직무와책임을말한다.<개정2012.12.11.>
⑧이법에서“전직”이란교육공무원의종류와자격을달리하여임용하는것을말한다.<개정2012.12.11.>
⑨이법에서“전보”란교육공무원을같은직위및자격에서근무기관이나부서를달리하여임용하는것을말
한다.<개정2012.12.11.>
⑩이법에서“강임”이란같은종류의직무에서하위직위에임용하는것을말한다.<개정2012.12.11.>
⑪이법에서“복직”이란휴직,직위해제또는정직중에있는교육공무원을직위에복귀시키는것을말한다.
<개정2012.12.11.>
[전문개정2011.9.30.]",교육공무원법,64c447ff-6752-48d6-8f90-47690f435e09
"제28조(대학의장등의임기)대학의장및부총장ㆍ대학원장ㆍ단과대학장의임기는다음과같다.다만,제24조제
1항단서또는제55조제1항단서에따라임용되는사람의임기는제1호에도불구하고해당대학의장의임기의
남은기간으로한다.
1.대학의장:4년
2.부총장ㆍ대학원장ㆍ단과대학장:2년
[전문개정2011.9.30.]",교육공무원법,655bc7d4-d32a-4bc8-8364-3235c3529898
"제10조(임용의원칙)①교육공무원의임용은그자격,재교육성적,근무성적,그밖에실제증명되는능력에의하
여한다.
②교육공무원의임용은교원으로서의자격을갖추고임용을원하는모든사람에게능력에따른균등한임용의
기회가보장되어야한다.
[전문개정2011.9.30.]
제10조의2(외국인교원)대학은교육이나연구를위하여외국인을교원으로임용할수있다.
[전문개정2011.9.30.]",교육공무원법,65a57587-d8e6-4be7-b4d4-3d9d1b3773dc
"
제51조(징계의결의요구)①교육기관,교육행정기관,지방자치단체또는교육연구기관의장은그소속교육공무
원이「국가공무원법」제78조제1항각호의징계사유및「지방공무원법」제69조제1항각호의징계사유에
해당한다고인정하는경우에는지체없이해당징계사건을관할하는징계위원회에징계의결을요구하여야한
다.다만,해당징계사건을관할하는징계위원회가상급기관에설치되어있는경우에는그상급기관의장에게
징계의결의요구를신청하여야한다.",교육공무원법,668c29bf-655d-468f-98e1-dc87a266c005
"
제45조(휴직기간등)①휴직기간은다음각호와같다.<개정2014.1.24.,2016.1.27.,2018.3.20.,2019.8.20.,2021.
3.23.,2022.10.18.>
1.제44조제1항제1호및제7호의3의사유로인한휴직기간은1년이내로하되,부득이한경우1년의범위에서
연장할수있다.다만,「공무원재해보상법」에따른공무상부상또는질병으로인한휴직기간은3년이내
로하되,의학적소견등을고려하여대통령령으로정하는바에따라2년의범위에서연장할수있다.
2.제44조제1항제2호및제4호의사유로인한휴직기간은그복무기간이끝날때까지로한다.
3.제44조제1항제3호의사유로인한휴직기간은3개월이내로한다.
4.제44조제1항제5호의사유로인한휴직기간은3년이내로한다.다만,학위취득을하려는경우에는3년의범
위에서연장할수있다.
5.제44조제1항제6호의사유로인한휴직기간은그고용기간으로한다.
6.제44조제1항제7호의사유로인한휴직기간은자녀1명에대하여3년이내로하되분할하여휴직할수있다.
6의2.제44조제1항제7호의2의사유로인한휴직기간은입양자녀1명에대하여6개월이내로한다.
7.제44조제1항제8호의사유로인한휴직기간은3년이내로한다.
8.제44조제1항제9호의사유로인한휴직기간은1년이내로하되재직기간중총3년을초과할수없다.
9.제44조제1항제10호의사유로인한휴직기간은3년이내로하되3년의범위에서연장할수있다.다만,총휴
직기간은배우자의국외근무,해외유학ㆍ연구또는연수기간을초과할수없다.
10.제44조제1항제11호의사유로인한휴직기간은그전임자로종사하는기간으로한다.
11.제44조제1항제12호의사유로인한휴직기간은1년이내로하되,재직기간중한차례에한정한다.
②대학에근무하는교원인경우에제1항의휴직기간은임용기간중의남은기간을초과할수없다.다만,제44
조제1항제2호ㆍ제4호부터제7호까지ㆍ제7호의2ㆍ제8호부터제10호까지,같은조제2항및제3항에따른휴직은
그러하지아니하다.
③제1항제6호또는제9호에따라2년이상휴직한교원은복직하려면대통령령으로정하는바에따라연수를
받아야한다.
[전문개정2011.9.30.]",교육공무원법,6735943d-1c41-414a-bec5-c2498db65631
"제23조,제24조,제29조의2,제29조의4,제30조,제32조,제34조,제34조의2,제35조부터제37조까지,제39조,제39
조의2,제67조제2항부터제7항까지및제74조는교육감소속교육전문직원에게 적용하지아니한다.<개정2022.
10.18.>
[본조신설2012.12.11.]",교육공무원법,6a2a2cb3-db9c-4e93-8c76-e3e2d2ddf56c
"
제52조(징계사유의시효에관한특례)교육공무원에대한징계사유가다음각호의어느하나에해당하는경우에
는「국가공무원법」제83조의2제1항,「지방공무원법」제73조의2제1항에도불구하고징계사유가발생한날부
터10년이내에징계의결을요구할수있다.<개정2018.4.17.,2020.12.22.,2022.10.18.>
1.삭제<2022.10.18.>
2.삭제<2022.10.18.>
3.삭제<2022.10.18.>
4.삭제<2022.10.18.>
5.「학술진흥법」제15조제1항에따른연구부정행위및「국가연구개발혁신법」제31조제1항에따른국가연구
개발사업관련부정행위
[본조신설2015.3.27.]",교육공무원법,6e754417-ce68-4b7a-9d21-dc7077eae67c
"
제18조(겸임)①직위와직무내용이유사하고담당직무수행에지장이없다고인정되는경우에는교육공무원과
일반직공무원,교육공무원과다른교육공무원,교육공무원과다른특정직공무원또는교육공무원과대통령령으
로정하는관련교육ㆍ연구기관이나그밖의관련기관ㆍ단체의임직원을서로겸임하게할수있다.이경우
겸임에필요한사항은대통령령으로정한다.<개정2022.10.18.>
②제1항에따라교육공무원을겸임하게하려는경우에는그대상자가제9조또는「초ㆍ중등교육법」제21조
제1항ㆍ제2항및「고등교육법」제16조에따른자격기준을갖추거나자격증을취득한사람이어야한다.
[전문개정2011.9.30.]",교육공무원법,700dd8d0-bbec-4da6-8d68-f34eca10b60c
"제13조(적용범위)①이장은다음각호의어느하나에해당하는파견,출장또는부임(이하“공무국외출장등”이
라한다)의경우에적용한다.
1.행정부소속공무원이공무의수행이나그밖에그직무와관련하여국외에파견되거나출장ㆍ부임하는경
우
2.제1호에해당하는사람외의사람이행정부의예산으로공무의수행을위하여국외에파견되거나출장하는
경우.이경우국외에파견되거나출장하는사람은해당공무수행을주관하는기관의소속공무원으로본다.
②제1항에도불구하고다음각호의어느하나에해당하는경우에는제13조의8만적용한다.
1.「정부대표및특별사절의임명과권한에관한법률」에따라국외에파견되는경우
2.「국제과학기술협력규정」에따라국외에파견되는경우
3.행정부의인사발령에따라재외공관또는국외사무소에부임하는경우
4.군사원조계획에따라파견되거나긴급을요하는군사작전상의목적으로국외에출장하는경우
5.「공무원인재개발법」또는「군위탁생규정」에따른교육훈련을위하여국외에파견되는경우
6.「재외국민의교육지원등에관한법률」에따라국외에파견되는경우
7.「공무원임용령」에따라국외에파견되는경우
8.외교부의고유업무처리를위하여국외에파견되거나출장하는경우
9.국가정보원의직무수행을위하여국외에파견되거나출장하는경우
③제1항및제2항에도불구하고인사혁신처장이정하는차관급상당이상의공무원(이하“고위공직자”라한다)
및고위공직자의수행원ㆍ동행인이국외에출장하는경우에는제13조의2제2항ㆍ제3항및제13조의6제3항만적
용한다.<개정2024.7.2.>
[본조신설2016.11.22.]",국가공무원 복무규정,7056a80f-6141-4ba8-aa77-aa8642560ade
"제37조(연수의기회균등)교육공무원에게는 연수기관에서재교육을받거나연수할기회가균등하게주어져야한
다.
[전문개정2011.9.30.]",교육공무원법,736cf04e-6679-4039-958c-63114b942e84
"
제25조(교수등의임용)①교수ㆍ부교수는대학의장의제청으로교육부장관을거쳐대통령이임용하고,조교수
는대학의장의제청으로교육부장관이임용한다.<개정2013.3.23.>
②대학의장이제1항의교육공무원을임용제청할때에는해당대학인사위원회의 동의를받아야한다.다만,대
학인사위원회를구성할수없는신설대학은대학인사위원회가 구성될때까지인사위원회의동의를받아야한
다.
③제1항의교육공무원의전보는해당대학인사위원회의 동의를받아대학의장의제청으로교육부장관이한
다.<개정2013.3.23.>
[전문개정2011.9.30.]",교육공무원법,73e84a83-71f5-44f8-9461-5b84d4826ea9
"제4조(인사위원회의기능)교육부장관은다음각호의사항에대하여는인사위원회의심의를거쳐야한다.<개정
2013.3.23.>
1.교육공무원의인사행정에관한방침및기준의결정과기본계획수립에관한사항
2.교육공무원의인사에관한법령의제정ㆍ개정또는폐지에관한사항
3.그밖에교육공무원의인사에관한중요한사항
[전문개정2011.9.30.]",교육공무원법,741003f7-db4a-4e87-a275-f21de4b95a71
"제23조(인사기록)①교육기관,교육행정기관또는교육연구기관의장은소속교육공무원의인사기록을작성ㆍ유
지ㆍ보관하여야한다.
②제1항에따른인사기록의작성ㆍ유지ㆍ보관에필요한사항은교육부령으로정한다.<개정2013.3.23.>
[전문개정2011.9.30.]",교육공무원법,74a877c9-9bf2-4909-a79e-d5d6f950fff8
"제23조,제24조,제29조의2,제29조의4,제30조,제32조,제34조,제34조의2,제35조부터제37조까지,제39조,제39
조의2,제67조제2항부터제7항까지및제74조는교육감소속교육전문직원에게 적용하지아니한다.<개정2022.
10.18.>
[본조신설2012.12.11.]
[시행일:2024.9.20.]제61조",교육공무원법,75aa2dba-6a48-4f96-9d1a-657d4501b3cd
"
제4조의2(비밀엄수)공무원이거나공무원이었던사람은직무상알게된다음각호의사항을타인에게누설하거
나부당한목적을위하여사용해서는아니된다.다만,법령에따라공개하는경우는제외한다.
1.법령에따라비밀로지정된사항
2.정책수립이나사업집행에관련된사항으로서외부에공개될경우정책수립이나사업집행에지장을주거
나특정인에게부당한이익을줄수있는사항
3.개인의신상이나재산에관한사항으로서외부에공개될경우특정인의권리나이익을침해할수있는사항
4.그밖에국민의권익보호또는행정목적달성을위하여비밀로보호할필요가있는사항
[전문개정2011.7.4.]",국가공무원 복무규정,776ed803-e98a-444b-aec1-6ed7c0d1ec5b
"제43조(교권의존중과신분보장)①교권(敎權)은존중되어야하며,교원은그전문적지위나신분에영향을미치
는부당한간섭을받지아니한다.
②교육공무원은형의선고나징계처분또는이법에서정하는사유에의하지아니하고는본인의의사에반하
여강임ㆍ휴직또는면직을당하지아니한다.
③교육공무원은권고에의하여사직을당하지아니한다.
[전문개정2011.9.30.]",교육공무원법,78ec0539-2bb8-4b4b-bf6c-a232f5fe93b2
"제7조(교장ㆍ교감등의자격)교장ㆍ교감ㆍ원장ㆍ원감은「유아교육법」제22조제1항및「초ㆍ중등교육법」제
21조제1항에따른자격이있는사람이어야한다.
[전문개정2011.9.30.]
제8조(교수등의자격)교수,부교수,조교수및조교는「고등교육법」제16조에따른자격이있는사람이어야
한다.<개정2011.7.21.>
[전문개정2011.9.30.]",교육공무원법,7993bfdb-ac07-4e63-9758-07469e2e9272
"제10조의5(벌금형의분리선고)「형법」제38조에도불구하고교육공무원에게다음각호의어느하나에해당하
는죄와다른죄의경합범(競合犯)에대한벌금형을선고하는경우에는이를분리하여선고하여야한다.
1.「국가공무원법」제33조제6호의2또는제6호의3에규정된죄
2.제10조의4제3호에규정된죄
[본조신설2018.12.18.]",교육공무원법,7a8d270d-36b4-465b-a172-50302d626206
"
제57조(「지방공무원법 」과의관계)①「지방공무원법」제20조의2를공립대학교육공무원인교원에게적용할
때같은조의“심사위원회”는“교원소청심사위원회 ”로본다.
②「지방공무원법」제41조제1항을공립대학교육공무원에게적용할때같은항본문중“제63조제1항제1호ㆍ
제2호ㆍ제4호ㆍ제5호,제63조제2항또는제65조의2”는“「교육공무원법」제44조제1항제1호ㆍ제2호ㆍ제4호부터
제7호까지ㆍ제7호의3ㆍ제8호부터제11호까지또는같은조제2항및제3항”으로보고,같은항단서중“제63조
제2항제4호”는“「교육공무원법」제44조제1항제7호”로본다.<개정2019.8.20.>
③「지방공무원법」제62조제1항제1호나목에서의직제의개정또는폐지와같은법제65조의4제1항에서의직
제의변경은공립대학의학교ㆍ학과또는학부의폐지를포함하는것으로본다.<개정2021.3.23.>
④「지방공무원법」제6조,제7조부터제9조까지,제9조의2,제10조,제10조의2,제10조의3,제11조,제22조,제
22조의2,제23조,제24조,제29조의2부터제29조의5까지,제30조,제30조의2,제32조,제34조,제34조의2,제35조부
터제37조까지,제39조,제39조의2,제40조및제74조는공립대학교육공무원에게,같은법제67조제2항부터제7
항까지의규정은공립대학교육공무원인교원에게각각적용하지아니한다.<개정2012.3.21.>
[전문개정2011.9.30.]",교육공무원법,7bda5e2e-d708-4be9-ae2b-8802cca5f456
"[전문개정2011.7.4.]
[제목개정2015.10.6.]",국가공무원 복무규정,7da8b640-9bfc-4d65-8d2f-369ad9ac9720
"
제10조의4(결격사유)다음각호의어느하나에해당하는사람은교육공무원으로임용될수없다.<개정2016.1.
27.,2021.3.23.,2022.10.18.>
1.「국가공무원법」제33조각호의어느하나에해당하는사람
2.미성년자에대한다음각목의어느하나에해당하는행위로파면ㆍ해임되거나형또는치료감호를선고받
아그형또는치료감호가확정된사람(집행유예를선고받은후그집행유예기간이지난사람을포함한다)
가.「성폭력범죄의처벌등에관한특례법」제2조에따른성폭력범죄행위
나.「아동ㆍ청소년의성보호에관한법률」제2조제2호에따른아동ㆍ청소년대상성범죄행위
3.성인에대한「성폭력범죄의처벌등에관한특례법」제2조에따른성폭력범죄행위로파면ㆍ해임되거나
100만원이상의벌금형이나그이상의형또는치료감호를선고받아그형또는치료감호가확정된사람(집
행유예를선고받은후그집행유예기간이지난사람을포함한다)
4.마약ㆍ대마또는향정신성의약품중독자
[본조신설2012.1.26.]",교육공무원법,7e7f9414-2b2a-4c5d-a1f1-4f768a74e8b0
"제3조(근무기강의확립)①공무원은법령과직무상명령을준수하여근무기강을확립하고질서를존중하여야한
다.
②공무원(「국가공무원법제3조제3항의공무원의범위에관한규정」에따른공무원은제외한다)은집단ㆍ연
명(連名)으로또는단체의명의를사용하여국가의정책을반대하거나국가정책의수립ㆍ집행을방해해서는아
니된다.
[전문개정2011.7.4.]",국가공무원 복무규정,7f39f62b-e9fc-4af6-9c19-05b961083cfe
"제26조(조교의임용)①조교는대학의장이임용한다.<개정2011.7.21.>
②삭제<2011.7.21.>
[전문개정2011.9.30.]
[제목개정2011.7.21.]",교육공무원법,8393cce0-b6c2-4ba5-b64d-8fe13858dce7
"제23조(고위공직자의공무외국외여행)고위공직자는공무외의목적으로국외여행을하려는경우인사혁신처장
이정하는방법및절차에따라야한다.
[전문개정2024.7.2.]
제24조(휴가기간의초과)이영에서정한휴가일수를초과한휴가는결근으로본다.
[전문개정2011.7.4.]",국가공무원 복무규정,856f42dd-98fe-4bef-958d-11fa129017fe
"
제11조(시간외근무및공휴일등근무)①행정기관의장은민원편의등공무수행을위하여필요하다고인정할
때에는제9조및제10조에도불구하고근무시간외의근무(이하“시간외근무”라한다)를명하거나토요일또는
공휴일근무를명할수있다.<개정2020.10.20.>
②행정기관의장은제1항에따라근무를한공무원에대하여그다음정상근무일을휴무하게할수있다.다
만,해당행정기관의업무사정이나그밖의부득이한사유가있는경우에는다른정상근무일을지정하여휴무
하게할수있다.<개정2020.10.20.>
③제1항에도불구하고행정기관의장은임신중인공무원또는출산후1년이지나지않은공무원에게오후9
시부터오전8시까지의시간과토요일및공휴일에근무를명할수없다.다만,다음각호의어느하나에해당
하는경우에는그렇지않다.<신설2017.3.20.,2021.12.31.>
1.임신중인공무원이신청하는경우
2.출산후1년이지나지않은공무원의동의가있는경우
④제1항에따라근무를한공무원은「공무원수당등에관한규정」제15조에따른시간외근무수당의 지급범
위에서시간외근무수당을 지급받는대신에해당근무시간을연가로전환할수있다.<신설2018.7.2.>
⑤제2항및제4항에서규정한사항외에휴무부여기준,시간외근무시간의연가전환절차등에관하여필
요한사항은인사혁신처장이정한다.<신설2018.7.2.,2020.10.20.>
[전문개정2011.7.4.]",국가공무원 복무규정,884c9ffb-7dd4-47b2-ad0e-d6fb5f4b848f
"제22조(교육연수기관등에의교원배치)교육부장관또는교육감은교육이나교육에관한전문적인조사ㆍ연구를
위하여특히필요하다고인정하는경우에는교육연구기관과제2조제3항제3호에따른교육연수기관에교원을둘
수있다.<개정2012.12.11.,2013.3.23.>
[전문개정2011.9.30.]",교육공무원법,923109d9-6350-48f1-9867-d597c0b46c6f
"제42조(연수실적및근무성적의평정)①교육기관,교육행정기관및교육연구기관의장은정기적으로또는수시
로그소속교육공무원의재교육및연수실적과근무성적을평정하여인사관리에반영하여야한다.
②제1항의재교육및연수실적과근무성적평정에필요한사항은대통령령으로정한다.
[전문개정2011.9.30.]",교육공무원법,929337ac-f2f6-4b24-92af-b679405c7581
"제39조(연수기관의설치)①교육공무원의재교육과연수를위하여연수기관을둔다.
②제1항의연수기관설치및운영에필요한사항은대통령령으로정한다.
[전문개정2011.9.30.]",교육공무원법,957146e4-df96-4d56-aec6-61553707169a
"제12조(경력경쟁채용등)①다음각호의어느하나에해당하는경우에는대통령령으로정하는바에따라경력
등응시요건을정하여같은사유에해당하는다수인을대상으로경쟁의방법으로채용하는시험(이하“경력경
쟁채용시험”이라한다)으로교육공무원을채용할수있다.다만,제1호,제4호및제5호의어느하나에해당하는
경우중다수인을대상으로시험을실시하는것이적당하지아니하여대통령령으로정하는경우에는다수인을
대상으로하지아니하는시험으로교육공무원을채용할수있다.<개정2022.10.18.>
1.제44조제1항제1호의사유로인한휴직기간이만료되어퇴직하거나「국가공무원법」제70조제1항제3호또는
「지방공무원법」제62조제1항제1호의사유로퇴직한교육공무원을퇴직한날부터2년이내에퇴직시에재
직한직위에상당하는직위의교육공무원으로임용하는경우또는교육공무원으로재직하던중일반직국가
공무원또는지방공무원이되기위하여퇴직한사람을퇴직시에재직한직위에상당하는직위의교육공무원
으로임용하는경우
2.임용예정직에상응하는연구실적또는근무실적이3년이상인사람을임용하는경우
3.공개경쟁채용시험으로결원을보충하기곤란한도서ㆍ벽지등특수한지역에근무할사람과특수한교과목
을담당할사람을임용하는경우
4.교육경력,교육행정경력또는교육연구경력이있는공무원으로서공개경쟁채용시험으로임용하는것이부적
당한경우
5.사립학교에근무하는교원을교육공무원으로임용하는경우
②경력경쟁채용시험및제1항각호외의부분단서에따른시험의경우에는「국가공무원법」제70조제1항제
3호또는「지방공무원법」제62조제1항제1호의사유로면직된사람을대통령령으로정하는바에따라우선적
으로채용할수있다.<개정2022.10.18.>
[전문개정2011.9.30.]
[제목개정2022.10.18.]",교육공무원법,99ab9cc3-ba33-450b-a981-04896eacd85c
"제1조(목적)이법은교육을통하여국민전체에게봉사하는교육공무원의직무와책임의특수성에비추어그자
격ㆍ임용ㆍ보수ㆍ연수및신분보장등에관하여교육공무원에게적용할「국가공무원법」및「지방공무원법」
에대한특례를규정함을목적으로한다.
[전문개정2011.9.30.]",교육공무원법,9de050aa-669f-409f-b043-9fcd189190f0
"제24조의2(선거운동의제한)①누구든지자기또는특정인을대학의장후보자로당선되게하거나당선되지아
니하게할목적으로다음각호의어느하나에해당하는행위를할수없다.
1.선거인(선거인명부작성전에는선거인명부에오를자격이있는사람을포함한다)에게대학의장후보자
선거일전180일부터선거일까지금전ㆍ물품ㆍ향응이나그밖의재산상의이익또는공사(公私)의직위를제
공하거나제공할의사표시를하거나제공할것을약속하는행위
2.대학의장후보자선거에서후보자가되려는사람에게후보자가되지아니하도록하거나후보자에게사퇴를
하게할목적으로하는제1호에규정된행위
3.제1호또는제2호에규정된이익이나직위를제공받거나그제공의사를승낙하는행위또는그제공을요
구하거나알선하는행위
②누구든지대학의장후보자선거와관련하여선거인을호별(戶別)방문하거나방문하게하는행위또는선
거인을특정장소에모이게하거나모이게하도록하는행위를할수없다.
③누구든지대학의장후보자선거와관련하여연설ㆍ벽보및그밖의방법으로거짓사실을공표하거나공공
연하게구체적인사실을드러내서후보자를비방할수없다.
④누구든지대학의장후보자선거와관련하여다음각호의방법외의행위를할수없다.
1.선전벽보의부착
2.선거공보의배부
3.소형인쇄물의배부
4.합동연설회또는공개토론회의개최
5.전화ㆍ컴퓨터통신을이용한지지호소
[전문개정2011.9.30.]",교육공무원법,9df0ae99-c399-4e54-a79e-78065531e631
"
제61조(「지방공무원법 」과의관계)①「지방공무원법」제20조의2를교육감소속교육전문직원에게 적용할때
“심사위원회”는“교원소청심사위원회 ”로본다.
②「지방공무원법」제41조제1항을교육감소속교육전문직원에게 적용할때같은항각호외의부분본문
중“제63조제1항제1호ㆍ제2호ㆍ제4호ㆍ제5호,제63조제2항또는제65조의2”는“「교육공무원법」제44조제1항제
1호ㆍ제2호ㆍ제4호부터제7호까지ㆍ제7호의3ㆍ제8호부터제11호까지또는같은조제2항및제3항”으로보고,
같은항제1호중“제63조제1항제1호”는“「교육공무원법」제44조제1항제1호”로보며,같은항제2호중“제63
조제2항제4호”는“「교육공무원법」제44조제1항제7호”로본다.<개정2019.8.20.,2024.3.19.>
③「지방공무원법」제7조부터제9조까지,제9조의2,제10조,제10조의2,제10조의3,제11조,제22조,제22조의2,",교육공무원법,9ea9fe9d-5d64-4d3f-8ce3-9becd2653c41
"제2조(선서)①국가공무원(이하“공무원”이라한다)은「국가공무원법」(이하“법”이라한다)제55조에따라취임
할때에소속기관의장앞에서선서를하여야한다.
②제1항의선서는별표1의선서문에따른다.
③선서의방법,절차및그밖에필요한사항은총리령으로정한다.<개정2013.3.23.,2014.11.19.>
[전문개정2011.7.4.]",국가공무원 복무규정,9f174e2e-266a-4def-b08d-5d7811308b70
"
제53조(「국가공무원법 」과의관계)①「국가공무원법」제16조제1항을교육공무원(공립대학에근무하는교육공
무원은제외한다.이하이조에서같다)인교원에게적용할때같은항의“소청심사위원회”는“교원소청심사위
원회”로본다.
②「국가공무원법」제43조제1항을교육공무원에적용하는경우에는같은항본문중“제71조제1항제1호ㆍ제3
호ㆍ제5호ㆍ제6호,제71조제2항또는제73조의2”는“「교육공무원법」제44조제1항제1호ㆍ제2호ㆍ제4호부터제7
호까지ㆍ제7호의3ㆍ제8호부터제12호까지,같은조제2항또는제3항”으로보고,같은조제2항제1호중“제71
조제1항제1호”는“「교육공무원법」제44조제1항제1호”로보며,같은항제2호중“제71조제2항제4호”는“「교
육공무원법」제44조제1항제7호”로본다.<개정2016.1.27.,2019.8.20.,2023.4.11.>
③「국가공무원법」제70조제1항제3호에서의직제의개정또는폐지와같은법제73조의4제1항에서의직제의
변경은「초ㆍ중등교육법」제2조및「고등교육법」제2조의학교(공립대학은제외한다)의학교ㆍ학과또는
학부의폐지를포함하는것으로본다.<개정2015.3.27.,2021.3.23.>
④「국가공무원법」제32조의4를교육공무원에게적용할때같은조제1항의“국가기관의장”은“임용권자또
는임용제청권자”로본다.
⑤「국가공무원법」제6조,제17조,제19조의2,제21조,제22조,제22조의2,제23조,제24조,제28조의2,제28조의
3,제31조,제31조의2,제32조,제32조의2,제34조,제36조,제36조의2제1항제1호,제37조부터제39조까지,제40조
의2,제41조,제42조제2항및제50조는교육공무원에게,같은법제76조는교원(공립대학의교원은제외한다)에
게각각적용하지아니한다.<개정2018.12.18.>
[전문개정2011.9.30.]
",교육공무원법,9f8c75ed-f622-4138-b7b0-4932bd7802fc
"제1조(목적)이영은「국가공무원법」제55조부터제59조까지,제59조의2및제60조부터제67조까지의규정에따
른국가공무원의복무에관한사항을규정함을목적으로한다.
[전문개정2011.7.4.]",국가공무원 복무규정,a0884a54-dcd7-471d-8bde-f7b625838950
"제20조(인사교류)①전문대학과중등학교에근무하는교육공무원은서로전직하거나전보할수있다.<개정2022.
12.13.>
②국가교육위원회의 교육전문직원과교육부및그소속기관의교육전문직원간에는서로전직하거나전보할
수있다.<신설2022.12.13.>
[전문개정2011.9.30.]",교육공무원법,a3d167b7-fed8-4e76-b617-cc3927d0c9df
"제19조(공가)행정기관의장은소속공무원(제11호의경우「공무원의노동조합설립및운영등에관한법률시
행령」제3조의3제2항에따른근무시간면제자는제외한다)이다음각호의어느하나에해당하는경우에는이
에직접필요한기간또는시간을공가로승인해야한다.<개정2012.8.31.,2015.10.6.,2016.2.3.,2016.11.29.,
2018.7.2.,2018.12.18.,2019.12.24.,2020.10.20.,2021.12.31.,2023.12.5.>
1.「병역법」이나그밖의다른법령에따른병역판정검사ㆍ소집ㆍ검열점호등에응하거나동원또는훈련에
참가할때
2.공무와관련하여국회,법원,검찰,경찰또는그밖의국가기관에소환되었을때
3.법률에따라투표에참가할때
4.승진시험ㆍ전직시험에응시할때
5.원격지(遠隔地)로전보(轉補)발령을받고부임할때
6.「산업안전보건법」제129조부터제131조까지의규정에따른건강진단,「국민건강보험법」제52조에따른
건강검진또는「결핵예방법」제11조제1항에따른결핵검진등을받을때
7.「혈액관리법」에따라헌혈에참가할때
8.「공무원인재개발법시행령」제32조제5호에따른외국어능력에관한시험에응시할때
9.올림픽,전국체전등국가적인행사에참가할때
10.천재지변,교통차단또는그밖의사유로출근이불가능할때
11.「공무원의노동조합설립및운영등에관한법률」제9조에따른교섭위원으로선임(選任)되어단체교섭
및단체협약체결에참석하거나같은법제17조및「노동조합및노동관계조정법」제17조에따른대의원회
(「공무원의노동조합설립및운영등에관한법률」에따라설립된공무원노동조합의대의원회를말하며,
연1회로한정한다)에참석할때
12.공무국외출장등을 위하여「검역법」제5조제1항에따른검역관리지역또는중점검역관리지역으로가기전
에같은법에따른검역감염병의예방접종을할때
13.「감염병의예방및관리에관한법률」에따른제1급감염병에대하여같은법제24조또는제25조에따라
필수예방접종또는임시예방접종을받거나같은법제42조제2항제3호에따라감염여부검사를받을때
[전문개정2011.7.4.]",국가공무원 복무규정,a80951cd-03e2-4251-96a7-21650c5e895f
"제13조의5(보고)①공무국외출장자등은 목적지에도착하면즉시소속장관에게도착신고를해야한다.<개정
2024.7.2.>
②공무국외출장자등은 국외에서업무수행중특수한사정이발생하였거나지정된기일내에목적을수행하지
못할경우에는즉시소속장관에게보고하고,그지시를받아야한다.<개정2024.7.2.>",국가공무원 복무규정,a85c6d0f-022f-4152-bf0a-f53caaabf110
"제8조(교수등의자격)교수,부교수,조교수및조교는「고등교육법」제16조에따른자격이있는사람이어야
한다.<개정2011.7.21.>
[전문개정2011.9.30.]
제9조(교육전문직원의자격)교육전문직원은별표1의기준에따른자격이있는사람이어야한다.<개정2012.12.
11.>
[전문개정2011.9.30.]",교육공무원법,aa4ba75e-423f-461e-9c86-7f0ff9418bb7
"
제15조(연가일수)①공무원의재직기간별연가일수는다음과같다.다만,법제28조제2항제2호ㆍ제3호및제10
호에따라임용된경력직공무원및특수경력직공무원의 재직기간이5년미만이면서인사혁신처장이정하는공
무원경력외의유사경력이있는경우에는5년미만의재직기간별연가일수에각각3일을더한다.<개정2013.
3.23.,2013.12.11.,2014.11.19.,2018.7.2.,2023.7.18.,2024.7.2.>
 
②제1항에서“재직기간”이란「공무원연금법」제25조제1항부터제3항까지의규정에따르되,연월일수(年月日
數)로계산한재직기간을말하며,휴직기간,정직기간,직위해제기간및강등처분에따라직무에종사하지못하
는기간은산입(算入)하지아니한다.다만,다음각호의휴직기간은재직기간에산입한다.<개정2017.1.31.,
2018.7.2.,2018.9.18.>
1.법제71조제2항제4호의사유에따른휴직으로「공무원임용령」제31조제2항제1호다목에따른휴직기간
2.법령에따른의무수행으로인한휴직
3.「공무원재해보상법」에따른공무상질병또는부상으로인한휴직
③연도중결근ㆍ휴직(법제71조제1항제1호에따른휴직중공무상질병또는부상으로인한휴직은제외한
다)ㆍ정직ㆍ강등ㆍ직위해제된사실및인사혁신처장이정하는사실상직무에종사하지않은기간이없는공무
원으로서다음각호의어느하나에해당하는공무원에대해서는다음해에만제1항의재직기간별연가일수에
각각1일을더한다.<개정2019.12.31.>
1.병가(제18조제2항에따른병가는제외한다)를받지않은공무원
2.제16조제5항에따른연가보상비를받지못한연가일수가남아있는공무원
[전문개정2011.7.4.]",국가공무원 복무규정,ac6b7d55-0e4d-4e5f-ac57-870c29d0ef64
"
제16조의4(10일이상연속된연가사용의보장)①행정기관의장은소속공무원이제15조제1항에따른연가일
수또는제16조의3제1항에따른저축연가일수를활용하여충분한휴식,가족화합또는자기계발등을위하여
3개월이전에10일이상연속된연가일수사용을신청한경우에는공무수행에특별한지장이없으면이를승
인하여야한다.이경우행정기관의장은연가사용에따른업무대행자지정,인력보충등원활한업무수행과
자유로운연가사용보장에필요한조치를하여야한다.
②제1항에서규정한사항외에10일이상연속된연가사용의신청절차등에관하여필요한사항은인사혁신
처장이정한다.
[본조신설2015.10.6.]",국가공무원 복무규정,affcb406-d7d9-440f-8aa6-cece0bad35fc
"제351조(제347조의상습범에한정한다)에규정된죄를저질러300만원이상의벌금형을선고받고그형이확정
된경우에는당연히퇴직한다.<신설2021.9.24.>
[본조신설2012.1.26.]",교육공무원법,b109a53b-24af-4352-99f6-f11f758161ed
"제54조(지방교육공무원인사위원회)①공립대학에근무하는교육공무원(이하“공립대학교육공무원”이라한다)의
인사에관한중요사항에대하여지방자치단체의장이자문할수있도록지방자치단체에지방교육공무원인사
위원회를둔다.
②제1항에따른지방교육공무원인사위원회(이하“지방교육공무원인사위원회”라한다)는위원장1명을포함한
7명의위원으로구성하며,위원장은해당지방자치단체의부단체장이된다.이경우부단체장이2명이상인지
방자치단체에서는 대통령령으로정하는부단체장을말한다.
③위원은7년이상의교육경력,교육행정경력또는행정경력이있고인사행정에관한식견이풍부한사람중
에서지방자치단체의장이임명하거나위촉한다.
④지방자치단체의장은다음각호의사항에관하여는지방교육공무원인사위원회의심의를거쳐야한다.
1.공립대학교육공무원의인사행정에관한방침및기준의결정과기본계획의수립에관한사항
2.공립대학교육공무원의인사에관한조례및규칙의제정ㆍ개정또는폐지에관한사항
3.그밖에공립대학교육공무원의인사에관한중요한사항
⑤지방교육공무원인사위원회의구성및운영에필요한사항은대통령령으로정한다.
[전문개정2011.9.30.]",교육공무원법,b1eeca56-3216-4343-9df1-0a9573042979
"
제16조의3(연가의저축)①공무원은연가보상비를지급받을수있는연가일수및제11조제4항에따라전환된
연가일수중사용하지않고남은연가일수를그해의마지막날을기준으로이월ㆍ저축하여사용할수있다.
<개정2016.11.22.,2018.7.2.,2021.12.31.,2023.7.18.>
②제1항에따라이월ㆍ저축한연가(이하“저축연가”라한다)에대해서는인사혁신처장이정하는사유를제외하
고는제16조제5항에따른연가보상비를지급하지않는다.<개정2021.12.31.,2024.7.2.>
③제1항및제2항에서규정한사항외에연가의이월ㆍ저축방법,저축연가의사용절차,저축연가에대한연
가보상비지급등에필요한사항은인사혁신처장이정한다.<개정2021.12.31.,2024.7.2.>
[본조신설2015.10.6.]",국가공무원 복무규정,b2005138-0263-4ce7-ae91-e625e94fc052
"
제43조의2(당연퇴직)①교육공무원이제10조의4에따른결격사유에해당하게된경우에는당연히퇴직한다.다
만,「국가공무원법」제33조제5호는「형법」제129조부터제132조까지및직무와관련하여「형법」제355조
및제356조에규정된죄를저지른사람으로서금고이상의형의선고유예를받은경우만해당한다.<개정2021.
3.23.,2021.9.24.>
②교육공무원중교수,부교수및조교수가공무원으로재직기간중직무와관련하여「형법」제347조또는",교육공무원법,b2ef888f-263f-488e-808c-2703e6d54afd
"제29조의3(공모에따른교장임용등)①고등학교이하각급학교의장은학교운영위원회또는유치원운영위원회
의심의를거쳐다음각호의구분에따른사람중에서공모를통하여선발된사람을교장또는원장으로임용
하여줄것을임용제청권자에게요청할수있다.<개정2012.3.21.,2012.12.11.,2015.3.27.>
1.교장의경우:「초ㆍ중등교육법」제21조제1항에따른교장자격증을받은사람
2.원장의경우:「유아교육법」제22조제1항에따른원장자격증을받은사람
②제1항에도불구하고「초ㆍ중등교육법」제61조에따른학교의장은학교운영위원회의 심의를거쳐해당학
교교육과정에관련된교육기관,국가기관등에서3년이상종사한경력이있는사람또는「초ㆍ중등교육법」",교육공무원법,b66d7df9-c8a6-48c8-9e39-25fa84db37ed
"제13조(승진)교육공무원의승진임용은같은종류의직무에종사하는바로아래직급의사람중에서대통령령으
로정하는바에따라경력평정,재교육성적,근무성적,그밖에실제증명되는능력에의하여한다.
[전문개정2011.9.30.]",교육공무원법,bcd1c900-0f0e-4c44-8b7f-ebd667f54d1f
"제35조(보수에관한규정)제34조제2항의대통령령에는「국가공무원법」제47조및「지방공무원법」제45조에
규정된사항외에다음각호의사항을규정하여야한다.
1.대통령령으로정하는학교의교원이나학과를담당하는교원에대한특별수당에관한사항
2.기간제교원의보수에관한사항
3.연구수당에관한사항
4.교직수당에관한사항
[전문개정2011.9.30.]",교육공무원법,be097f4d-679f-4cdd-8ff1-5c4419b8c2da
"
제24조(대학의장의임용)①대학(「고등교육법」제2조각호의학교를말하되,공립대학은제외한다.이하이
조,제24조의2,제24조의3및제25조부터제27조까지에서같다)의장은해당대학의추천을받아교육부장관의
제청으로대통령이임용한다.다만,새로설립되는대학의장을임용하거나대학의장의명칭변경으로인하여
학장으로재직중인사람을해당대학의총장으로,총장으로재직중인사람을해당대학의학장으로그임기
중에임용하는경우에는교육부장관의제청으로대통령이임용한다.<개정2013.3.23.>
②제1항본문에따른대학의장의임용추천을위하여대학에대학의장임용추천위원회(이하“추천위원회”라
한다)를둔다.
③추천위원회는해당대학에서정하는바에따라다음각호의어느하나의방법에따라대학의장후보자를
선정하여야한다.<개정2021.9.24.>
1.추천위원회에서의선정
2.해당대학교원,직원및학생의합의된방식과절차에따른선정
④추천위원회의구성ㆍ운영등에필요한사항은대통령령으로정하되,위원의일정비율이상은여성으로한
다.
⑤제1항에도불구하고대학의장의임기가끝난후3개월이내에해당대학이대학의장후보자를추천하지
아니하는경우해당대학의장은교육부장관의제청으로대통령이임용한다.<개정2013.3.23.>
⑥제1항과제5항에따라교육부장관이대학의장을임용제청하려는경우에는인사위원회에자문을하여야한
다.<개정2013.3.23.>
⑦대학의교원으로재직중에해당대학의장으로임용된사람이제28조제1호의임기를마친경우에는제25조
에도불구하고대학의장의임기가끝나는날의다음날에대학의장으로임용되기직전의교원으로임용된것
으로본다.
[전문개정2011.9.30.]",교육공무원법,c116f3f4-098f-4de2-9aff-acb589d148cd
"
제16조(연가계획및승인)①행정기관의장은소속공무원이자유롭게연가를사용하여심신을새롭게하고공
ㆍ사(公ㆍ私)생활의만족도를높여직무생산성을높일수있도록특정한계절에치우치지아니하게연가계획
을수립하여실시하여야한다.<개정2015.10.6.>
②삭제<2015.10.6.>
③연가는오전또는오후의반일(半日)단위로승인할수있으며,반일연가2회는연가1일로계산한다.<개정
2015.10.6.>
④행정기관의장은연가신청을받았을때에는공무수행에특별한지장이없으면승인하여야한다.<개정
2015.10.6.>
⑤공무상연가를승인할수없거나해당공무원이연가를활용하지아니한경우에는예산의범위에서연가일
수(제11조제4항에따라전환된연가는제외하되,인사혁신처장이정하는사유에해당하는경우에는포함한다.
이하이항에서같다)에해당하는연가보상비를지급하는것으로연가를갈음할수있다.이경우연가보상비를
지급할수있는연가대상일수는20일을초과할수없다.<개정2015.10.6.,2018.7.2.>
⑥행정기관의장은소속공무원에게제15조제1항에따른연가일수가없거나재직기간별연가일수를초과하
는휴가사유가발생한경우에는제15조제1항에따른재직기간구분중그다음재직기간의연가일수를다음
표에따라미리사용하게할수있다.<개정2015.10.6.,2016.11.22.,2018.7.2.>",국가공무원 복무규정,c1857692-7793-4f22-b811-3899b6214cbe
"제44조의2(직위해제)①임용권자는다음각호의어느하나에해당하는자에게는직위를부여하지아니할수있
다.
1.직무수행능력이부족하거나근무성적이극히나쁜자
2.파면ㆍ해임ㆍ강등또는정직에해당하는징계의결이요구중인자
3.형사사건으로기소된자(약식명령이청구된자는제외한다)",교육공무원법,c2e7fc3d-f222-4907-ad3f-995af908aace
"제22조의2(교육행정기관에의 순회교사배치)①교육감은교원의적정한배치와교육과정의원활한운영을위하
여둘이상의인근학교를순회하면서학생의교육을담당할교사가특히필요하다고인정하는경우에는시ㆍ
도교육행정기관에교사를둘수있다.
②제1항에따라시ㆍ도교육행정기관에배치되는교사는소속기관의장이지정하는학교에서교육을담당하
고,그학교의장의지도ㆍ감독을받는다.
[전문개정2011.9.30.]",교육공무원법,c3567de5-80c9-4b82-8b88-9be926c848a6
"제29조의4(수석교사의임용등)①수석교사는교육부장관이임용한다.<개정2013.3.23.>
②수석교사는최초로임용된때부터4년마다대통령령으로정하는업적평가및연수실적등을반영한재심사
를받아야하며,심사기준을충족하지못한경우대통령령으로정하는바에따라수석교사로서의직무및수당
등을제한할수있다.
③수석교사는대통령령으로정하는바에따라수업부담경감,수당지급등에대하여우대할수있다.
④수석교사는임기중에교장ㆍ원장또는교감ㆍ원감자격을취득할수없다.
⑤수석교사의운영등그밖에필요한사항은대통령령으로정한다.
[본조신설2011.7.25.]
[제29조의3에서이동<2011.9.30.>]",교육공무원법,c8d28473-582c-440d-b020-671955476f1c
"제14조(휴가의종류)공무원의휴가는연가(年暇),병가,공가(公暇)및특별휴가로구분한다.
[전문개정2011.7.4.]",국가공무원 복무규정,cb98fb7c-b90e-4719-b287-ac71cfb58b75
"제11조제2항,제15조제1항,제16조의2제1항,제17조제4항,제18조제1항ㆍ제2항,제20조제4항ㆍ제5항및제22조에
도불구하고별표3에따른다.
[전문개정2019.12.31.]",국가공무원 복무규정,cc42cbf4-e1ad-441e-8fa3-49258ae3b97f
"
제38조(연수와교재비)①교육공무원은그직책을수행하기위하여끊임없이연구와수양에힘써야한다.
②국가나지방자치단체는교육공무원의연수와그에필요한시설및연수를장려할계획을수립하여실시하도
록노력하여야하며,대통령령으로정하는바에따라연수에필요한교재비를지급할수있다.
③국가나지방자치단체는제2항에따른연수와그에필요한시설등을제공하는경우장애인인교육공무원의
연수활동에불이익이없도록「장애인차별금지및권리구제등에관한법률」제14조에따라정당한편의가제
공될수있도록하여야한다.<신설2021.9.24.>
④국가는제2항에따라교재비를지급하는지방자치단체에예산의범위에서그경비의전부또는일부를보조
할수있다.<개정2021.9.24.>
[전문개정2011.9.30.]",교육공무원법,ce9f0c46-d755-47fd-ad70-1b0bcabc0f6a
"
제63조(과태료)①제24조의3제3항에따라적용되는「공공단체등위탁선거에관한법률」제73조제4항에따른
출석요구를정당한사유없이따르지아니한사람에게는100만원이하의과태료를부과한다.<개정2014.6.11.,
2021.3.23.>
②제1항의과태료는구ㆍ시ㆍ군선거관리위원회가부과ㆍ징수한다.
[전문개정2011.9.30.]
[제59조에서이동<2012.12.11.>]
부칙<제19341호,2023.4.11.>(국가공무원법)",교육공무원법,d2ad36d9-d5c0-4c91-a6c3-3496200e852b
"
제56조(공립대학교육공무원의고충처리)①공립대학교육공무원은누구나인사ㆍ조직ㆍ처우등각종직무조건
과그밖의신상문제에대하여인사상담이나고충의심사를청구할수있으며,이를이유로불이익한처분이나
대우를받지아니한다.
②제1항에따라청구를받은임용권자나임용제청권자는이를제3항에따른고충심사위원회의회의에부쳐심
사하게하거나소속공무원으로하여금상담하게하고,그결과에따라고충의해소등공정한처리를위하여
노력하여야한다.
③공립대학교육공무원의고충을심사하기위하여지방자치단체에공립대학교육공무원 고충심사위원회(이하
“공립대학고충위원회”라한다)를두고,공립대학에는공립대학교육공무원 보통고충심사위원회(이하“공립대학보
통고충위원회”라한다)를두되,공립대학고충위원회의기능은지방교육공무원인사위원회에서관장한다.
④공립대학고충위원회는공립대학보통고충위원회의심사를거친재심청구와부교수이상의공립대학교육공무
원의고충을심사한다.
⑤공립대학보통고충위원회는조교수이하의공립대학교육공무원의고충을심사한다.
⑥제5항에도불구하고같은항에규정된공립대학교육공무원의고충이임용권자를달리하는둘이상의기관
에관련되거나원래소속기관의공립대학보통고충위원회에서고충을심사하는것이부적당하다고인정되는경
우에는공립대학고충위원회에서심사할수있다.
⑦임용권자나임용제청권자는심사결과필요하다고인정할때에는처분청또는관계기관의장에게그시정
을요청할수있으며,요청을받은처분청또는관계기관의장은특별한사유가없으면이를이행하고,그처
리결과를통보하여야한다.다만,부득이한사유로이행하지못할경우에는그사유를통보하여야한다.
⑧공립대학고충위원회의구성ㆍ권한및심사절차와그밖에필요한사항은조례로정한다.",교육공무원법,d3f3fef0-aa17-48f1-9ca4-af0259c83da3
"제2조의2(책임완수)공무원은국민전체의봉사자로서직무를민주적이고능률적으로수행하기위하여창의와
성실로써맡은바책임을완수하여야한다.
[전문개정2011.7.4.]",국가공무원 복무규정,d49470b5-db0e-401b-8317-b8eb494d345b
"제46조(강임자의우선승진임용제한)「국가공무원법」제73조의4제2항또는「지방공무원법」제65조의4제2항을
교육공무원에게적용할때본인이동의하여강임을조건으로임용권자또는임용제청권자를달리하는기관에
전입된사람은우선하여승진임용할수없다.
[전문개정2011.9.30.]",교육공무원법,d594e60e-7893-43b2-adb1-753c63d5c922
"③재외공관장은공무국외출장자등의 언행이국위(國威)를손상하거나대한민국국민으로서품위를훼손한다고
인정되는경우에는즉시외교부장관에게보고하여야하며,외교부장관은이를소속장관에게통보하여야한다.
[본조신설2016.11.22.]",국가공무원 복무규정,d6c353ed-a22f-476b-b4f5-cc4a134e08b1
"
제14조(승진후보자명부)①교육공무원의임용권자또는임용제청권자는제13조및대통령령으로정하는바에
따라자격별승진후보자명부를순위에따라작성하여갖추어두어야한다.
②교육공무원을승진임용하거나승진임용제청할때에는결원된직위에대한승진후보자명부에따른순위가
결원된직위중승진으로임용하려는인원의3배수이내인사람중에서하여야한다.다만,대통령령으로정하
는특수자격이있는사람을승진임용하거나승진임용을제청할때에는그러하지아니하다.<개정2018.12.18.>
[전문개정2011.9.30.]",교육공무원법,d8ff1ab4-3b7b-43be-bae0-8cfd2c5c86dc
"
제29조(근무시간면제시간의사용)①「공무원의노동조합설립및운영등에관한법률시행령」제3조의3제2
항에따른근무시간면제자는같은영제3조의4에따라근무시간의전부또는일부에대하여면제시간을사용
할수있다.
②「교원의노동조합설립및운영등에관한법률시행령」제2조의3제2항에따른근무시간면제자는같은
영제2조의4에따라근무시간의전부또는일부에대하여면제시간을사용할수있다.
[본조신설2023.12.5.]",국가공무원 복무규정,db046423-feed-434d-b449-bcc8eebc52ab
"제27조(정치적행위)①법제65조의정치적행위는다음각호의어느하나에해당하는정치적목적을가진것
을말한다.
1.정당의조직,조직의확장,그밖에그목적달성을위한것
2.특정정당또는정치단체를지지하거나반대하는것
3.법률에따른공직선거에서특정후보자를당선하게하거나낙선하게하기위한것
②제1항에규정된정치적행위의한계는제1항에따른정치적목적을가지고다음각호의어느하나에해당
하는행위를하는것을말한다.
1.시위운동을기획ㆍ조직ㆍ지휘하거나이에참가하거나원조하는행위
2.정당이나그밖의정치단체의기관지인신문과간행물을발행ㆍ편집ㆍ배부하거나이와같은행위를원조하
거나방해하는행위
3.특정정당또는정치단체를지지또는반대하거나공직선거에서특정후보자를지지또는반대하는의견을
집회나그밖에여럿이모인장소에서발표하거나문서ㆍ도서ㆍ신문또는그밖의간행물에싣는행위
4.정당이나그밖의정치단체의표지로사용되는기(旗)ㆍ완장ㆍ복식등을제작ㆍ배부ㆍ착용하거나착용을권
유또는방해하는행위
5.그밖에어떠한명목으로든금전이나물질로특정정당또는정치단체를지지하거나반대하는행위
[전문개정2011.7.4.]",국가공무원 복무규정,dbcb9b87-b9d3-4e9e-b133-06f68337c9ab
"제19조(겸직금지)제2조제3항제1호에따른학교의감독청에재직하는사람은대학의장또는부총장,대학원장,
단과대학장,교무처장,학생처장(또는교학처장),교무과장,학생과장,교장,교감,원장또는원감등의직위를
겸할수없다.<개정2015.3.27.>
[전문개정2011.9.30.]",교육공무원법,de2e5487-a9e5-47f3-8112-fdfc07486b5e
"
제31조(초빙교원)①대학은국가기관,연구기관,공공단체또는산업체등에서근무하거나외국에거주하고있는
사람또는외국인중「고등교육법」제16조에따른자격이있는사람을초빙교원으로임용할수있다.다만,
특수한교과를교수(敎授)하기위한초빙교원으로임용하는경우에는「고등교육법」제16조를적용하지아니
할수있다.
②고등학교이하각급학교의장은교사자격증을가진사람중에서해당학교에특별히필요한사람을교사로
초빙하려는경우에는임용권자에게초빙교사로임용하여줄것을요청할수있다.
③제2항에따라임용요청을받은임용권자는임용이요청된사람중에서해당학교의초빙교사를임용할수
있다.
④초빙교원의임용ㆍ보수ㆍ복무등에관하여필요한사항은대통령령으로정한다.
[전문개정2011.9.30.]",교육공무원법,e1d6cd1c-e649-4e24-973c-7f1ec2af6154
"제62조(벌칙)①제24조의2제1항을위반한사람은2년이하의징역또는2천만원이하의벌금에처한다.
②제24조의2제2항또는제4항을위반한사람은1년이하의징역또는1천만원이하의벌금에처한다.
③제24조의3제3항에따라적용되는「공공단체등위탁선거에관한법률」제73조제3항을위반하여출입을방
해하거나자료제출요구에따르지아니한사람또는거짓자료를제출한사람은1년이하의징역또는1천만
원이하의벌금에처한다.<개정2014.6.11.,2019.4.23.>
④제24조의2제3항을위반한사람은500만원이상3천만원이하의벌금에처한다.다만,진실한사실로서오로
지공공의이익에관한것일때에는처벌하지아니한다.
⑤제1항부터제4항까지에규정된죄의공소시효는해당선거일후6개월이지나면완성된다.다만,범인이도
피한경우에는그기간을3년으로한다.
[전문개정2011.9.30.]
[제58조에서이동<2012.12.11.>]",교육공무원법,e42b8e00-953d-4c97-96c9-46401404995d
"
제26조(겸직허가)①공무원이제25조의영리업무에해당하지아니하는다른직무를겸하려는경우에는소속
기관의장의사전허가를받아야한다.
②제1항의허가는담당직무수행에지장이없는경우에만한다.
③제1항에서“소속기관의장”이란고위공무원단에속하는공무원이상의공무원에대해서는임용제청권자,3
급이하공무원및우정직공무원에대해서는임용권자를말한다.<개정2013.12.11.>
[전문개정2011.7.4.]
",국가공무원 복무규정,e5de34ec-f9ed-4c66-b7e7-6bd05fb3d83b
"
제13조의3(심사위원회의설치)①소속장관은다음각호의어느하나에해당하는공무국외출장등의 타당성을
심사하기위해소속공무원및민간전문가로구성되는심사위원회를설치ㆍ운영해야한다.<개정2019.12.31.>
1.공무국외출장등에 소요되는경비의전부또는일부를공무국외출장자등의 소속기관이아닌기관ㆍ단체(외국
의정부기관및국제기구는제외한다)또는개인이부담하는공무국외출장등
2.각종시찰,견학,참관또는자료수집등을주된목적으로하는공무국외출장등과 그연간운영계획
3.소속공무원에대한포상또는격려등을위한공무국외출장등과 그연간운영계획
4.해당기관이주관하는10명이상의단체공무국외출장등
5.그밖에소속장관이심사위원회의심사를거칠필요가있다고인정하는공무국외출장등
②제1항의심사위원회의구성ㆍ운영등에필요한사항및심사위원회의심사기준은인사혁신처장이정하는기
준에따라소속장관이정한다.<개정2019.12.31.>
[본조신설2016.11.22.]",국가공무원 복무규정,e6ccad27-97f6-4baf-b0cd-9b27dd14df0d
"
제8조의2(복장및복제등)①공무원은근무중그품위를유지할수있는단정한복장을하여야한다.
②공무원은직무를수행할때제3조에따른근무기강을해치는정치적주장을표시하거나상징하는복장또는
관련물품을착용해서는아니된다.
③특수한직무에종사하는공무원의제복착용에필요한사항은법률에특별한규정이있는경우를제외하고
는해당중앙행정기관의장이정한다.
④공무원신분증의발급과휴대등에필요한사항은총리령으로정한다.<개정2013.3.23.,2014.11.19.>
[전문개정2011.7.4.]",국가공무원 복무규정,e7231afa-1ef5-4df8-9683-74d7079ba4e9
"
제6조의2(선거관련사무수행공무원의휴무)①행정기관의장은다음각호의어느하나에해당하는선거관
련사무를수행한공무원에대하여해당선거일(사전투표일을포함한다.이하이조에서같다)다음정상근무일
을휴무(休務)하게해야한다.다만,해당행정기관의업무사정이나그밖의부득이한사유가있는경우에는
해당선거일부터6주이내의범위에서다른정상근무일을지정하여휴무하게할수있다.
1.「공직선거법」제146조의2제1항에따른투표관리관이나사전투표관리관으로 선거사무를수행한공무원
2.「공직선거법」제147조제9항에따른투표사무원으로선거사무를수행한공무원
3.「공직선거법」제148조제3항에따른사전투표사무원으로 선거사무를수행한공무원
4.「공직선거법」제174조제1항에따른개표사무원으로선거사무를수행한공무원
5.그밖에인사혁신처장이정하는선거관련사무를수행한공무원
②제1항에따른선거일이토요일또는공휴일인경우해당공무원에게는1일의휴무일을더하여부여한다.
[본조신설2024.4.2.]
[종전제6조의2는제6조의3으로이동<2024.4.2.>]",국가공무원 복무규정,e7dec93d-e47a-4856-8662-e8655d7ce5f2
"제25조(영리업무의금지)공무원은다음각호의어느하나에해당하는업무에종사함으로써공무원의직무능
률을떨어뜨리거나,공무에대하여부당한영향을끼치거나,국가의이익과상반되는이익을취득하거나,정부에
불명예스러운영향을끼칠우려가있는경우에는그업무에종사할수없다.
1.공무원이상업,공업,금융업또는그밖의영리적인업무를스스로경영하여영리를추구함이뚜렷한업무
2.공무원이상업,공업,금융업또는그밖에영리를목적으로하는사기업체(私企業體)의이사ㆍ감사업무를
집행하는무한책임사원 ㆍ지배인ㆍ발기인또는그밖의임원이되는것
3.공무원본인의직무와관련있는타인의기업에대한투자
4.그밖에계속적으로재산상이득을목적으로하는업무
[전문개정2011.7.4.]",국가공무원 복무규정,e8f8ff08-24e0-4a12-abf4-cc00f1aafe67
"제7조(파견근무)①법제32조의4에따라다른기관에서파견근무하는사람은복무에관하여파견받은기관의장
의지휘ㆍ감독을받는다.
②다른기관에서파견근무하는사람이그파견기간중에징계사유에해당하게되었을때에는파견받은기관
의장은그파견근무자의소속기관의장에게그사실을통보하여야한다.
[전문개정2011.7.4.]",국가공무원 복무규정,ec869d60-1a8c-4a76-99b4-1f08d3ecb36f
"
제5조(대학인사위원회)①다음각호의사항을심의하기위하여「고등교육법」제2조각호의학교(이하“대학”
이라한다.다만,제11조의5제3항부터제5항까지,제24조,제24조의2,제24조의3및제25조부터제27조까지는제
외한다)에인사위원회(이하“대학인사위원회”라한다)를둔다.<개정2011.7.21.,2016.1.27.,2018.12.18.,2020.1.
29.>
1.부총장,대학원장및단과대학장에대한보직동의
2.교수,부교수및조교수에대한임용동의
3.그밖에대학교원인사에관한중요사항
②대학인사위원회의 구성ㆍ기능및운영에필요한사항은대통령령으로정하되,위원의일정비율이상은여
성으로한다.
[전문개정2011.9.30.]",교육공무원법,ee265537-99c6-41ef-a847-dcc9414904e5
"제24조의3(시간선택제공무원 등의휴가에관한특례)「공무원임용령」제3조의2제3호에따른시간선택제임기제
공무원,같은조제4호에따른한시임기제공무원 ,같은영제3조의3제1항에따라채용된시간선택제채용공무원
및같은영제57조의3제1항본문에따른시간선택제전환공무원(이하“시간선택제공무원등”이라한다)의휴가는",국가공무원 복무규정,f2ed37b4-b3ef-452e-95b4-1cad7c3bf2a9
"
제11조의2(부정행위자에대한조치)①제11조에따른교사공개전형채용시험에서부정한행위를한사람에대
해서는그시험을정지또는무효로하고그처분이있은날부터5년간이법에따른시험의응시자격을정지
한다.<개정2021.3.23.>
②임용권자및교육감등공개전형시험을실시하는기관의장은제1항에따른처분을하였을때에는지체없
이그이유를붙여처분을받은사람에게알리고,교육부장관과다른지방교육행정기관에 그처분을받은사람
과그처분을한이유를보고또는통보하여야한다.<개정2021.3.23.>
③부정행위를한사람이공무원인경우공개전형시험을실시하는기관의장은관할징계위원회에징계의결을
요구하거나그공무원의소속기관의장에게징계를요구하여야한다.
[본조신설2016.1.27.]
[종전제11조의2는제11조의3으로이동<2016.1.27.>]",교육공무원법,f3f97f2e-3581-455b-85c4-e0f9ac1aaca1
"
제28조(사실상노무에종사하는공무원)법제66조에따른사실상노무에종사하는공무원은과학기술정보통신부
소속현업기관의작업현장에서노무에종사하는우정직공무원(우정직공무원의정원을대체하여임용된일반임
기제공무원및시간선택제일반임기제공무원을 포함한다)으로서다음각호의어느하나에해당하지아니하는
공무원으로한다.<개정2011.7.4.,2013.3.23.,2013.12.11.,2013.12.16.,2015.3.11.,2017.7.26.>
1.서무ㆍ인사및기밀업무에종사하는공무원
2.경리및물품출납사무에종사하는공무원
3.노무자감독사무에종사하는공무원
4.「보안업무규정」에따른국가보안시설의경비업무에종사하는공무원
5.승용자동차및구급차의운전에종사하는공무원
[전문개정2011.7.4.]",국가공무원 복무규정,f51c5e6d-9a84-4ddf-ae27-691f039b86e2
"되지아니한다.
[전문개정2011.9.30.]",교육공무원법,f62a2726-d91c-4049-8cbd-4c317c38d545
"제6조(교사의자격)교사는「유아교육법」제22조제2항및「초ㆍ중등교육법」제21조제2항에따른자격이있는
사람이어야한다.
[전문개정2011.9.30.]
제6조의2(수석교사의자격)수석교사는「유아교육법」제22조제3항및「초ㆍ중등교육법」제21조제3항의자격
이있는사람이어야한다.
[본조신설2011.7.25.]",교육공무원법,f64af128-93f0-46d4-b63c-748e65f16a46
"②제1항의경우에징계의결요구권자자신에관한징계사건은그바로위감독청의장이징계의결을요구한
다.
[전문개정2011.9.30.]",교육공무원법,f6b1f796-c8cd-43f6-9d29-5f0c56920bcc
"제29조(장학관등의임용)①교육부와그소속기관에근무하는장학관및교육연구관은교육부장관의제청으로
대통령이임용한다.<개정2013.3.23.>
②제1항에따라대통령이임용하는교육전문직원의전보는교육부장관이행한다.<개정2012.12.11.,2013.3.
23.>
[전문개정2011.9.30.]",교육공무원법,f865ae57-cc96-410e-819c-4d4e1fca2033
"제24조(휴가기간의초과)이영에서정한휴가일수를초과한휴가는결근으로본다.
[전문개정2011.7.4.]
제24조의2(교원의휴가에관한특례)「교육공무원법」제2조제1항제1호에따른교원의휴가에관하여는교육부
장관이학사일정등을고려하여따로정할수있다.<개정2013.3.23.>
[전문개정2011.7.4.]",국가공무원 복무규정,f8f48103-89a9-409e-b16b-6d63ea978018
"
제29조의2(교장등의임용)①교장ㆍ원장은교육부장관의제청으로대통령이임용한다.<개정2012.3.21.,2013.3.
23.>
②교장ㆍ원장의임기는4년으로한다.<개정2012.3.21.>
③교장ㆍ원장은한번만중임할수있다.다만,제29조의3에따라교장ㆍ원장으로재직하는횟수는이에포함
하지아니한다.<개정2012.3.21.>
④임용권자또는임용제청권자는교장ㆍ원장으로1차임기를마친사람에대해서는제47조에따른정년까지
남은기간이4년미만인경우에도특별한결격사유가없으면제3항에따라교장ㆍ원장으로다시임용하거나임
용제청할수있다.<신설2015.3.27.>
⑤교장ㆍ원장의임기가학기중에끝나는경우임기가끝나는날이3월에서8월사이에있으면8월31일을,9
월에서다음해2월사이에있으면다음해2월말일을임기만료일로한다.<개정2012.3.21.,2015.3.27.>
⑥제47조에따른정년전에임기가끝나는교장ㆍ원장으로서교사로근무할것을희망하는사람(교사자격증을
가진사람만해당한다)은수업담당능력과건강등을고려하여교사로임용할수있다.<개정2012.3.21.,2015.
3.27.>
⑦제6항에따라임용된교사는대통령령으로정하는바에따라원로교사로우대하여야한다.<개정2015.3.
27.>
⑧제29조의3에따라임용된공모교장ㆍ원장을제외한교장ㆍ원장은임기중에전보될수있으며,교장ㆍ원장
의전보는교육부장관이한다.<개정2012.3.21.,2013.3.23.,2015.3.27.>
⑨제4항에따른교장ㆍ원장의재임용과제6항에따른교사의임용에필요한세부사항은교육부장관이정한
다.<신설2015.3.27.>
[전문개정2011.9.30.]
[제목개정2012.3.21.]",교육공무원법,fff0e9f4-3e3a-4d3d-96b3-1c7ae318a815
